Date,Year,Mth,Wk#,YrWk,SrtWeek
2024-01-01 00:00:00.000,2024,"Jan",1,2401,2024-01-01 00:00:00.000
2024-01-02 00:00:00.000,2024,"Jan",1,2401,2024-01-01 00:00:00.000
2024-01-03 00:00:00.000,2024,"Jan",1,2401,2024-01-01 00:00:00.000
2024-01-04 00:00:00.000,2024,"Jan",1,2401,2024-01-01 00:00:00.000
2024-01-05 00:00:00.000,2024,"Jan",1,2401,2024-01-01 00:00:00.000
2024-01-06 00:00:00.000,2024,"Jan",1,2401,2024-01-01 00:00:00.000
2024-01-07 00:00:00.000,2024,"Jan",1,2401,2024-01-01 00:00:00.000
2024-01-08 00:00:00.000,2024,"Jan",2,2402,2024-01-08 00:00:00.000
2024-01-09 00:00:00.000,2024,"Jan",2,2402,2024-01-08 00:00:00.000
2024-01-10 00:00:00.000,2024,"Jan",2,2402,2024-01-08 00:00:00.000
2024-01-11 00:00:00.000,2024,"Jan",2,2402,2024-01-08 00:00:00.000
2024-01-12 00:00:00.000,2024,"Jan",2,2402,2024-01-08 00:00:00.000
2024-01-13 00:00:00.000,2024,"Jan",2,2402,2024-01-08 00:00:00.000
2024-01-14 00:00:00.000,2024,"Jan",2,2402,2024-01-08 00:00:00.000
2024-01-15 00:00:00.000,2024,"Jan",3,2403,2024-01-15 00:00:00.000
2024-01-16 00:00:00.000,2024,"Jan",3,2403,2024-01-15 00:00:00.000
2024-01-17 00:00:00.000,2024,"Jan",3,2403,2024-01-15 00:00:00.000
2024-01-18 00:00:00.000,2024,"Jan",3,2403,2024-01-15 00:00:00.000
2024-01-19 00:00:00.000,2024,"Jan",3,2403,2024-01-15 00:00:00.000
2024-01-20 00:00:00.000,2024,"Jan",3,2403,2024-01-15 00:00:00.000
2024-01-21 00:00:00.000,2024,"Jan",3,2403,2024-01-15 00:00:00.000
2024-01-22 00:00:00.000,2024,"Jan",4,2404,2024-01-22 00:00:00.000
2024-01-23 00:00:00.000,2024,"Jan",4,2404,2024-01-22 00:00:00.000
2024-01-24 00:00:00.000,2024,"Jan",4,2404,2024-01-22 00:00:00.000
2024-01-25 00:00:00.000,2024,"Jan",4,2404,2024-01-22 00:00:00.000
2024-01-26 00:00:00.000,2024,"Jan",4,2404,2024-01-22 00:00:00.000
2024-01-27 00:00:00.000,2024,"Jan",4,2404,2024-01-22 00:00:00.000
2024-01-28 00:00:00.000,2024,"Jan",4,2404,2024-01-22 00:00:00.000
2024-01-29 00:00:00.000,2024,"Jan",5,2405,2024-01-29 00:00:00.000
2024-01-30 00:00:00.000,2024,"Jan",5,2405,2024-01-29 00:00:00.000
2024-01-31 00:00:00.000,2024,"Jan",5,2405,2024-01-29 00:00:00.000
2024-02-01 00:00:00.000,2024,"Feb",5,2405,2024-01-29 00:00:00.000
2024-02-02 00:00:00.000,2024,"Feb",5,2405,2024-01-29 00:00:00.000
2024-02-03 00:00:00.000,2024,"Feb",5,2405,2024-01-29 00:00:00.000
2024-02-04 00:00:00.000,2024,"Feb",5,2405,2024-01-29 00:00:00.000
2024-02-05 00:00:00.000,2024,"Feb",6,2406,2024-02-05 00:00:00.000
2024-02-06 00:00:00.000,2024,"Feb",6,2406,2024-02-05 00:00:00.000
2024-02-07 00:00:00.000,2024,"Feb",6,2406,2024-02-05 00:00:00.000
2024-02-08 00:00:00.000,2024,"Feb",6,2406,2024-02-05 00:00:00.000
2024-02-09 00:00:00.000,2024,"Feb",6,2406,2024-02-05 00:00:00.000
2024-02-10 00:00:00.000,2024,"Feb",6,2406,2024-02-05 00:00:00.000
2024-02-11 00:00:00.000,2024,"Feb",6,2406,2024-02-05 00:00:00.000
2024-02-12 00:00:00.000,2024,"Feb",7,2407,2024-02-12 00:00:00.000
2024-02-13 00:00:00.000,2024,"Feb",7,2407,2024-02-12 00:00:00.000
2024-02-14 00:00:00.000,2024,"Feb",7,2407,2024-02-12 00:00:00.000
2024-02-15 00:00:00.000,2024,"Feb",7,2407,2024-02-12 00:00:00.000
2024-02-16 00:00:00.000,2024,"Feb",7,2407,2024-02-12 00:00:00.000
2024-02-17 00:00:00.000,2024,"Feb",7,2407,2024-02-12 00:00:00.000
2024-02-18 00:00:00.000,2024,"Feb",7,2407,2024-02-12 00:00:00.000
2024-02-19 00:00:00.000,2024,"Feb",8,2408,2024-02-19 00:00:00.000
2024-02-20 00:00:00.000,2024,"Feb",8,2408,2024-02-19 00:00:00.000
2024-02-21 00:00:00.000,2024,"Feb",8,2408,2024-02-19 00:00:00.000
2024-02-22 00:00:00.000,2024,"Feb",8,2408,2024-02-19 00:00:00.000
2024-02-23 00:00:00.000,2024,"Feb",8,2408,2024-02-19 00:00:00.000
2024-02-24 00:00:00.000,2024,"Feb",8,2408,2024-02-19 00:00:00.000
2024-02-25 00:00:00.000,2024,"Feb",8,2408,2024-02-19 00:00:00.000
2024-02-26 00:00:00.000,2024,"Feb",9,2409,2024-02-26 00:00:00.000
2024-02-27 00:00:00.000,2024,"Feb",9,2409,2024-02-26 00:00:00.000
2024-02-28 00:00:00.000,2024,"Feb",9,2409,2024-02-26 00:00:00.000
2024-02-29 00:00:00.000,2024,"Feb",9,2409,2024-02-26 00:00:00.000
2024-03-01 00:00:00.000,2024,"Mar",9,2409,2024-02-26 00:00:00.000
2024-03-02 00:00:00.000,2024,"Mar",9,2409,2024-02-26 00:00:00.000
2024-03-03 00:00:00.000,2024,"Mar",9,2409,2024-02-26 00:00:00.000
2024-03-04 00:00:00.000,2024,"Mar",10,2410,2024-03-04 00:00:00.000
2024-03-05 00:00:00.000,2024,"Mar",10,2410,2024-03-04 00:00:00.000
2024-03-06 00:00:00.000,2024,"Mar",10,2410,2024-03-04 00:00:00.000
2024-03-07 00:00:00.000,2024,"Mar",10,2410,2024-03-04 00:00:00.000
2024-03-08 00:00:00.000,2024,"Mar",10,2410,2024-03-04 00:00:00.000
2024-03-09 00:00:00.000,2024,"Mar",10,2410,2024-03-04 00:00:00.000
2024-03-10 00:00:00.000,2024,"Mar",10,2410,2024-03-04 00:00:00.000
2024-03-11 00:00:00.000,2024,"Mar",11,2411,2024-03-11 00:00:00.000
2024-03-12 00:00:00.000,2024,"Mar",11,2411,2024-03-11 00:00:00.000
2024-03-13 00:00:00.000,2024,"Mar",11,2411,2024-03-11 00:00:00.000
2024-03-14 00:00:00.000,2024,"Mar",11,2411,2024-03-11 00:00:00.000
2024-03-15 00:00:00.000,2024,"Mar",11,2411,2024-03-11 00:00:00.000
2024-03-16 00:00:00.000,2024,"Mar",11,2411,2024-03-11 00:00:00.000
2024-03-17 00:00:00.000,2024,"Mar",11,2411,2024-03-11 00:00:00.000
2024-03-18 00:00:00.000,2024,"Mar",12,2412,2024-03-18 00:00:00.000
2024-03-19 00:00:00.000,2024,"Mar",12,2412,2024-03-18 00:00:00.000
2024-03-20 00:00:00.000,2024,"Mar",12,2412,2024-03-18 00:00:00.000
2024-03-21 00:00:00.000,2024,"Mar",12,2412,2024-03-18 00:00:00.000
2024-03-22 00:00:00.000,2024,"Mar",12,2412,2024-03-18 00:00:00.000
2024-03-23 00:00:00.000,2024,"Mar",12,2412,2024-03-18 00:00:00.000
2024-03-24 00:00:00.000,2024,"Mar",12,2412,2024-03-18 00:00:00.000
2024-03-25 00:00:00.000,2024,"Mar",13,2413,2024-03-25 00:00:00.000
2024-03-26 00:00:00.000,2024,"Mar",13,2413,2024-03-25 00:00:00.000
2024-03-27 00:00:00.000,2024,"Mar",13,2413,2024-03-25 00:00:00.000
2024-03-28 00:00:00.000,2024,"Mar",13,2413,2024-03-25 00:00:00.000
2024-03-29 00:00:00.000,2024,"Mar",13,2413,2024-03-25 00:00:00.000
2024-03-30 00:00:00.000,2024,"Mar",13,2413,2024-03-25 00:00:00.000
2024-03-31 00:00:00.000,2024,"Mar",13,2413,2024-03-25 00:00:00.000
2024-04-01 00:00:00.000,2024,"Apr",14,2414,2024-04-01 00:00:00.000
2024-04-02 00:00:00.000,2024,"Apr",14,2414,2024-04-01 00:00:00.000
2024-04-03 00:00:00.000,2024,"Apr",14,2414,2024-04-01 00:00:00.000
2024-04-04 00:00:00.000,2024,"Apr",14,2414,2024-04-01 00:00:00.000
2024-04-05 00:00:00.000,2024,"Apr",14,2414,2024-04-01 00:00:00.000
2024-04-06 00:00:00.000,2024,"Apr",14,2414,2024-04-01 00:00:00.000
2024-04-07 00:00:00.000,2024,"Apr",14,2414,2024-04-01 00:00:00.000
2024-04-08 00:00:00.000,2024,"Apr",15,2415,2024-04-08 00:00:00.000
2024-04-09 00:00:00.000,2024,"Apr",15,2415,2024-04-08 00:00:00.000
2024-04-10 00:00:00.000,2024,"Apr",15,2415,2024-04-08 00:00:00.000
2024-04-11 00:00:00.000,2024,"Apr",15,2415,2024-04-08 00:00:00.000
2024-04-12 00:00:00.000,2024,"Apr",15,2415,2024-04-08 00:00:00.000
2024-04-13 00:00:00.000,2024,"Apr",15,2415,2024-04-08 00:00:00.000
2024-04-14 00:00:00.000,2024,"Apr",15,2415,2024-04-08 00:00:00.000
2024-04-15 00:00:00.000,2024,"Apr",16,2416,2024-04-15 00:00:00.000
2024-04-16 00:00:00.000,2024,"Apr",16,2416,2024-04-15 00:00:00.000
2024-04-17 00:00:00.000,2024,"Apr",16,2416,2024-04-15 00:00:00.000
2024-04-18 00:00:00.000,2024,"Apr",16,2416,2024-04-15 00:00:00.000
2024-04-19 00:00:00.000,2024,"Apr",16,2416,2024-04-15 00:00:00.000
2024-04-20 00:00:00.000,2024,"Apr",16,2416,2024-04-15 00:00:00.000
2024-04-21 00:00:00.000,2024,"Apr",16,2416,2024-04-15 00:00:00.000
2024-04-22 00:00:00.000,2024,"Apr",17,2417,2024-04-22 00:00:00.000
2024-04-23 00:00:00.000,2024,"Apr",17,2417,2024-04-22 00:00:00.000
2024-04-24 00:00:00.000,2024,"Apr",17,2417,2024-04-22 00:00:00.000
2024-04-25 00:00:00.000,2024,"Apr",17,2417,2024-04-22 00:00:00.000
2024-04-26 00:00:00.000,2024,"Apr",17,2417,2024-04-22 00:00:00.000
2024-04-27 00:00:00.000,2024,"Apr",17,2417,2024-04-22 00:00:00.000
2024-04-28 00:00:00.000,2024,"Apr",17,2417,2024-04-22 00:00:00.000
2024-04-29 00:00:00.000,2024,"Apr",18,2418,2024-04-29 00:00:00.000
2024-04-30 00:00:00.000,2024,"Apr",18,2418,2024-04-29 00:00:00.000
2024-05-01 00:00:00.000,2024,"May",18,2418,2024-04-29 00:00:00.000
2024-05-02 00:00:00.000,2024,"May",18,2418,2024-04-29 00:00:00.000
2024-05-03 00:00:00.000,2024,"May",18,2418,2024-04-29 00:00:00.000
2024-05-04 00:00:00.000,2024,"May",18,2418,2024-04-29 00:00:00.000
2024-05-05 00:00:00.000,2024,"May",18,2418,2024-04-29 00:00:00.000
2024-05-06 00:00:00.000,2024,"May",19,2419,2024-05-06 00:00:00.000
2024-05-07 00:00:00.000,2024,"May",19,2419,2024-05-06 00:00:00.000
2024-05-08 00:00:00.000,2024,"May",19,2419,2024-05-06 00:00:00.000
2024-05-09 00:00:00.000,2024,"May",19,2419,2024-05-06 00:00:00.000
2024-05-10 00:00:00.000,2024,"May",19,2419,2024-05-06 00:00:00.000
2024-05-11 00:00:00.000,2024,"May",19,2419,2024-05-06 00:00:00.000
2024-05-12 00:00:00.000,2024,"May",19,2419,2024-05-06 00:00:00.000
2024-05-13 00:00:00.000,2024,"May",20,2420,2024-05-13 00:00:00.000
2024-05-14 00:00:00.000,2024,"May",20,2420,2024-05-13 00:00:00.000
2024-05-15 00:00:00.000,2024,"May",20,2420,2024-05-13 00:00:00.000
2024-05-16 00:00:00.000,2024,"May",20,2420,2024-05-13 00:00:00.000
2024-05-17 00:00:00.000,2024,"May",20,2420,2024-05-13 00:00:00.000
2024-05-18 00:00:00.000,2024,"May",20,2420,2024-05-13 00:00:00.000
2024-05-19 00:00:00.000,2024,"May",20,2420,2024-05-13 00:00:00.000
2024-05-20 00:00:00.000,2024,"May",21,2421,2024-05-20 00:00:00.000
2024-05-21 00:00:00.000,2024,"May",21,2421,2024-05-20 00:00:00.000
2024-05-22 00:00:00.000,2024,"May",21,2421,2024-05-20 00:00:00.000
2024-05-23 00:00:00.000,2024,"May",21,2421,2024-05-20 00:00:00.000
2024-05-24 00:00:00.000,2024,"May",21,2421,2024-05-20 00:00:00.000
2024-05-25 00:00:00.000,2024,"May",21,2421,2024-05-20 00:00:00.000
2024-05-26 00:00:00.000,2024,"May",21,2421,2024-05-20 00:00:00.000
2024-05-27 00:00:00.000,2024,"May",22,2422,2024-05-27 00:00:00.000
2024-05-28 00:00:00.000,2024,"May",22,2422,2024-05-27 00:00:00.000
2024-05-29 00:00:00.000,2024,"May",22,2422,2024-05-27 00:00:00.000
2024-05-30 00:00:00.000,2024,"May",22,2422,2024-05-27 00:00:00.000
2024-05-31 00:00:00.000,2024,"May",22,2422,2024-05-27 00:00:00.000
2024-06-01 00:00:00.000,2024,"Jun",22,2422,2024-05-27 00:00:00.000
2024-06-02 00:00:00.000,2024,"Jun",22,2422,2024-05-27 00:00:00.000
2024-06-03 00:00:00.000,2024,"Jun",23,2423,2024-06-03 00:00:00.000
2024-06-04 00:00:00.000,2024,"Jun",23,2423,2024-06-03 00:00:00.000
2024-06-05 00:00:00.000,2024,"Jun",23,2423,2024-06-03 00:00:00.000
2024-06-06 00:00:00.000,2024,"Jun",23,2423,2024-06-03 00:00:00.000
2024-06-07 00:00:00.000,2024,"Jun",23,2423,2024-06-03 00:00:00.000
2024-06-08 00:00:00.000,2024,"Jun",23,2423,2024-06-03 00:00:00.000
2024-06-09 00:00:00.000,2024,"Jun",23,2423,2024-06-03 00:00:00.000
2024-06-10 00:00:00.000,2024,"Jun",24,2424,2024-06-10 00:00:00.000
2024-06-11 00:00:00.000,2024,"Jun",24,2424,2024-06-10 00:00:00.000
2024-06-12 00:00:00.000,2024,"Jun",24,2424,2024-06-10 00:00:00.000
2024-06-13 00:00:00.000,2024,"Jun",24,2424,2024-06-10 00:00:00.000
2024-06-14 00:00:00.000,2024,"Jun",24,2424,2024-06-10 00:00:00.000
2024-06-15 00:00:00.000,2024,"Jun",24,2424,2024-06-10 00:00:00.000
2024-06-16 00:00:00.000,2024,"Jun",24,2424,2024-06-10 00:00:00.000
2024-06-17 00:00:00.000,2024,"Jun",25,2425,2024-06-17 00:00:00.000
2024-06-18 00:00:00.000,2024,"Jun",25,2425,2024-06-17 00:00:00.000
2024-06-19 00:00:00.000,2024,"Jun",25,2425,2024-06-17 00:00:00.000
2024-06-20 00:00:00.000,2024,"Jun",25,2425,2024-06-17 00:00:00.000
2024-06-21 00:00:00.000,2024,"Jun",25,2425,2024-06-17 00:00:00.000
2024-06-22 00:00:00.000,2024,"Jun",25,2425,2024-06-17 00:00:00.000
2024-06-23 00:00:00.000,2024,"Jun",25,2425,2024-06-17 00:00:00.000
2024-06-24 00:00:00.000,2024,"Jun",26,2426,2024-06-24 00:00:00.000
2024-06-25 00:00:00.000,2024,"Jun",26,2426,2024-06-24 00:00:00.000
2024-06-26 00:00:00.000,2024,"Jun",26,2426,2024-06-24 00:00:00.000
2024-06-27 00:00:00.000,2024,"Jun",26,2426,2024-06-24 00:00:00.000
2024-06-28 00:00:00.000,2024,"Jun",26,2426,2024-06-24 00:00:00.000
2024-06-29 00:00:00.000,2024,"Jun",26,2426,2024-06-24 00:00:00.000
2024-06-30 00:00:00.000,2024,"Jun",26,2426,2024-06-24 00:00:00.000
2024-07-01 00:00:00.000,2024,"Jul",27,2427,2024-07-01 00:00:00.000
2024-07-02 00:00:00.000,2024,"Jul",27,2427,2024-07-01 00:00:00.000
2024-07-03 00:00:00.000,2024,"Jul",27,2427,2024-07-01 00:00:00.000
2024-07-04 00:00:00.000,2024,"Jul",27,2427,2024-07-01 00:00:00.000
2024-07-05 00:00:00.000,2024,"Jul",27,2427,2024-07-01 00:00:00.000
2024-07-06 00:00:00.000,2024,"Jul",27,2427,2024-07-01 00:00:00.000
2024-07-07 00:00:00.000,2024,"Jul",27,2427,2024-07-01 00:00:00.000
2024-07-08 00:00:00.000,2024,"Jul",28,2428,2024-07-08 00:00:00.000
2024-07-09 00:00:00.000,2024,"Jul",28,2428,2024-07-08 00:00:00.000
2024-07-10 00:00:00.000,2024,"Jul",28,2428,2024-07-08 00:00:00.000
2024-07-11 00:00:00.000,2024,"Jul",28,2428,2024-07-08 00:00:00.000
2024-07-12 00:00:00.000,2024,"Jul",28,2428,2024-07-08 00:00:00.000
2024-07-13 00:00:00.000,2024,"Jul",28,2428,2024-07-08 00:00:00.000
2024-07-14 00:00:00.000,2024,"Jul",28,2428,2024-07-08 00:00:00.000
2024-07-15 00:00:00.000,2024,"Jul",29,2429,2024-07-15 00:00:00.000
2024-07-16 00:00:00.000,2024,"Jul",29,2429,2024-07-15 00:00:00.000
2024-07-17 00:00:00.000,2024,"Jul",29,2429,2024-07-15 00:00:00.000
2024-07-18 00:00:00.000,2024,"Jul",29,2429,2024-07-15 00:00:00.000
2024-07-19 00:00:00.000,2024,"Jul",29,2429,2024-07-15 00:00:00.000
2024-07-20 00:00:00.000,2024,"Jul",29,2429,2024-07-15 00:00:00.000
2024-07-21 00:00:00.000,2024,"Jul",29,2429,2024-07-15 00:00:00.000
2024-07-22 00:00:00.000,2024,"Jul",30,2430,2024-07-22 00:00:00.000
2024-07-23 00:00:00.000,2024,"Jul",30,2430,2024-07-22 00:00:00.000
2024-07-24 00:00:00.000,2024,"Jul",30,2430,2024-07-22 00:00:00.000
2024-07-25 00:00:00.000,2024,"Jul",30,2430,2024-07-22 00:00:00.000
2024-07-26 00:00:00.000,2024,"Jul",30,2430,2024-07-22 00:00:00.000
2024-07-27 00:00:00.000,2024,"Jul",30,2430,2024-07-22 00:00:00.000
2024-07-28 00:00:00.000,2024,"Jul",30,2430,2024-07-22 00:00:00.000
2024-07-29 00:00:00.000,2024,"Jul",31,2431,2024-07-29 00:00:00.000
2024-07-30 00:00:00.000,2024,"Jul",31,2431,2024-07-29 00:00:00.000
2024-07-31 00:00:00.000,2024,"Jul",31,2431,2024-07-29 00:00:00.000
2024-08-01 00:00:00.000,2024,"Aug",31,2431,2024-07-29 00:00:00.000
2024-08-02 00:00:00.000,2024,"Aug",31,2431,2024-07-29 00:00:00.000
2024-08-03 00:00:00.000,2024,"Aug",31,2431,2024-07-29 00:00:00.000
2024-08-04 00:00:00.000,2024,"Aug",31,2431,2024-07-29 00:00:00.000
2024-08-05 00:00:00.000,2024,"Aug",32,2432,2024-08-05 00:00:00.000
2024-08-06 00:00:00.000,2024,"Aug",32,2432,2024-08-05 00:00:00.000
2024-08-07 00:00:00.000,2024,"Aug",32,2432,2024-08-05 00:00:00.000
2024-08-08 00:00:00.000,2024,"Aug",32,2432,2024-08-05 00:00:00.000
2024-08-09 00:00:00.000,2024,"Aug",32,2432,2024-08-05 00:00:00.000
2024-08-10 00:00:00.000,2024,"Aug",32,2432,2024-08-05 00:00:00.000
2024-08-11 00:00:00.000,2024,"Aug",32,2432,2024-08-05 00:00:00.000
2024-08-12 00:00:00.000,2024,"Aug",33,2433,2024-08-12 00:00:00.000
2024-08-13 00:00:00.000,2024,"Aug",33,2433,2024-08-12 00:00:00.000
2024-08-14 00:00:00.000,2024,"Aug",33,2433,2024-08-12 00:00:00.000
2024-08-15 00:00:00.000,2024,"Aug",33,2433,2024-08-12 00:00:00.000
2024-08-16 00:00:00.000,2024,"Aug",33,2433,2024-08-12 00:00:00.000
2024-08-17 00:00:00.000,2024,"Aug",33,2433,2024-08-12 00:00:00.000
2024-08-18 00:00:00.000,2024,"Aug",33,2433,2024-08-12 00:00:00.000
2024-08-19 00:00:00.000,2024,"Aug",34,2434,2024-08-19 00:00:00.000
2024-08-20 00:00:00.000,2024,"Aug",34,2434,2024-08-19 00:00:00.000
2024-08-21 00:00:00.000,2024,"Aug",34,2434,2024-08-19 00:00:00.000
2024-08-22 00:00:00.000,2024,"Aug",34,2434,2024-08-19 00:00:00.000
2024-08-23 00:00:00.000,2024,"Aug",34,2434,2024-08-19 00:00:00.000
2024-08-24 00:00:00.000,2024,"Aug",34,2434,2024-08-19 00:00:00.000
2024-08-25 00:00:00.000,2024,"Aug",34,2434,2024-08-19 00:00:00.000
2024-08-26 00:00:00.000,2024,"Aug",35,2435,2024-08-26 00:00:00.000
2024-08-27 00:00:00.000,2024,"Aug",35,2435,2024-08-26 00:00:00.000
2024-08-28 00:00:00.000,2024,"Aug",35,2435,2024-08-26 00:00:00.000
2024-08-29 00:00:00.000,2024,"Aug",35,2435,2024-08-26 00:00:00.000
2024-08-30 00:00:00.000,2024,"Aug",35,2435,2024-08-26 00:00:00.000
2024-08-31 00:00:00.000,2024,"Aug",35,2435,2024-08-26 00:00:00.000
2024-09-01 00:00:00.000,2024,"Sep",35,2435,2024-08-26 00:00:00.000
2024-09-02 00:00:00.000,2024,"Sep",36,2436,2024-09-02 00:00:00.000
2024-09-03 00:00:00.000,2024,"Sep",36,2436,2024-09-02 00:00:00.000
2024-09-04 00:00:00.000,2024,"Sep",36,2436,2024-09-02 00:00:00.000
2024-09-05 00:00:00.000,2024,"Sep",36,2436,2024-09-02 00:00:00.000
2024-09-06 00:00:00.000,2024,"Sep",36,2436,2024-09-02 00:00:00.000
2024-09-07 00:00:00.000,2024,"Sep",36,2436,2024-09-02 00:00:00.000
2024-09-08 00:00:00.000,2024,"Sep",36,2436,2024-09-02 00:00:00.000
2024-09-09 00:00:00.000,2024,"Sep",37,2437,2024-09-09 00:00:00.000
2024-09-10 00:00:00.000,2024,"Sep",37,2437,2024-09-09 00:00:00.000
2024-09-11 00:00:00.000,2024,"Sep",37,2437,2024-09-09 00:00:00.000
2024-09-12 00:00:00.000,2024,"Sep",37,2437,2024-09-09 00:00:00.000
2024-09-13 00:00:00.000,2024,"Sep",37,2437,2024-09-09 00:00:00.000
2024-09-14 00:00:00.000,2024,"Sep",37,2437,2024-09-09 00:00:00.000
2024-09-15 00:00:00.000,2024,"Sep",37,2437,2024-09-09 00:00:00.000
2024-09-16 00:00:00.000,2024,"Sep",38,2438,2024-09-16 00:00:00.000
2024-09-17 00:00:00.000,2024,"Sep",38,2438,2024-09-16 00:00:00.000
2024-09-18 00:00:00.000,2024,"Sep",38,2438,2024-09-16 00:00:00.000
2024-09-19 00:00:00.000,2024,"Sep",38,2438,2024-09-16 00:00:00.000
2024-09-20 00:00:00.000,2024,"Sep",38,2438,2024-09-16 00:00:00.000
2024-09-21 00:00:00.000,2024,"Sep",38,2438,2024-09-16 00:00:00.000
2024-09-22 00:00:00.000,2024,"Sep",38,2438,2024-09-16 00:00:00.000
2024-09-23 00:00:00.000,2024,"Sep",39,2439,2024-09-23 00:00:00.000
2024-09-24 00:00:00.000,2024,"Sep",39,2439,2024-09-23 00:00:00.000
2024-09-25 00:00:00.000,2024,"Sep",39,2439,2024-09-23 00:00:00.000
2024-09-26 00:00:00.000,2024,"Sep",39,2439,2024-09-23 00:00:00.000
2024-09-27 00:00:00.000,2024,"Sep",39,2439,2024-09-23 00:00:00.000
2024-09-28 00:00:00.000,2024,"Sep",39,2439,2024-09-23 00:00:00.000
2024-09-29 00:00:00.000,2024,"Sep",39,2439,2024-09-23 00:00:00.000
2024-09-30 00:00:00.000,2024,"Sep",40,2440,2024-09-30 00:00:00.000
2024-10-01 00:00:00.000,2024,"Oct",40,2440,2024-09-30 00:00:00.000
2024-10-02 00:00:00.000,2024,"Oct",40,2440,2024-09-30 00:00:00.000
2024-10-03 00:00:00.000,2024,"Oct",40,2440,2024-09-30 00:00:00.000
2024-10-04 00:00:00.000,2024,"Oct",40,2440,2024-09-30 00:00:00.000
2024-10-05 00:00:00.000,2024,"Oct",40,2440,2024-09-30 00:00:00.000
2024-10-06 00:00:00.000,2024,"Oct",40,2440,2024-09-30 00:00:00.000
2024-10-07 00:00:00.000,2024,"Oct",41,2441,2024-10-07 00:00:00.000
2024-10-08 00:00:00.000,2024,"Oct",41,2441,2024-10-07 00:00:00.000
2024-10-09 00:00:00.000,2024,"Oct",41,2441,2024-10-07 00:00:00.000
2024-10-10 00:00:00.000,2024,"Oct",41,2441,2024-10-07 00:00:00.000
2024-10-11 00:00:00.000,2024,"Oct",41,2441,2024-10-07 00:00:00.000
2024-10-12 00:00:00.000,2024,"Oct",41,2441,2024-10-07 00:00:00.000
2024-10-13 00:00:00.000,2024,"Oct",41,2441,2024-10-07 00:00:00.000
2024-10-14 00:00:00.000,2024,"Oct",42,2442,2024-10-14 00:00:00.000
2024-10-15 00:00:00.000,2024,"Oct",42,2442,2024-10-14 00:00:00.000
2024-10-16 00:00:00.000,2024,"Oct",42,2442,2024-10-14 00:00:00.000
2024-10-17 00:00:00.000,2024,"Oct",42,2442,2024-10-14 00:00:00.000
2024-10-18 00:00:00.000,2024,"Oct",42,2442,2024-10-14 00:00:00.000
2024-10-19 00:00:00.000,2024,"Oct",42,2442,2024-10-14 00:00:00.000
2024-10-20 00:00:00.000,2024,"Oct",42,2442,2024-10-14 00:00:00.000
2024-10-21 00:00:00.000,2024,"Oct",43,2443,2024-10-21 00:00:00.000
2024-10-22 00:00:00.000,2024,"Oct",43,2443,2024-10-21 00:00:00.000
2024-10-23 00:00:00.000,2024,"Oct",43,2443,2024-10-21 00:00:00.000
2024-10-24 00:00:00.000,2024,"Oct",43,2443,2024-10-21 00:00:00.000
2024-10-25 00:00:00.000,2024,"Oct",43,2443,2024-10-21 00:00:00.000
2024-10-26 00:00:00.000,2024,"Oct",43,2443,2024-10-21 00:00:00.000
2024-10-27 00:00:00.000,2024,"Oct",43,2443,2024-10-21 00:00:00.000
2024-10-28 00:00:00.000,2024,"Oct",44,2444,2024-10-28 00:00:00.000
2024-10-29 00:00:00.000,2024,"Oct",44,2444,2024-10-28 00:00:00.000
2024-10-30 00:00:00.000,2024,"Oct",44,2444,2024-10-28 00:00:00.000
2024-10-31 00:00:00.000,2024,"Oct",44,2444,2024-10-28 00:00:00.000
2024-11-01 00:00:00.000,2024,"Nov",44,2444,2024-10-28 00:00:00.000
2024-11-02 00:00:00.000,2024,"Nov",44,2444,2024-10-28 00:00:00.000
2024-11-03 00:00:00.000,2024,"Nov",44,2444,2024-10-28 00:00:00.000
2024-11-04 00:00:00.000,2024,"Nov",45,2445,2024-11-04 00:00:00.000
2024-11-05 00:00:00.000,2024,"Nov",45,2445,2024-11-04 00:00:00.000
2024-11-06 00:00:00.000,2024,"Nov",45,2445,2024-11-04 00:00:00.000
2024-11-07 00:00:00.000,2024,"Nov",45,2445,2024-11-04 00:00:00.000
2024-11-08 00:00:00.000,2024,"Nov",45,2445,2024-11-04 00:00:00.000
2024-11-09 00:00:00.000,2024,"Nov",45,2445,2024-11-04 00:00:00.000
2024-11-10 00:00:00.000,2024,"Nov",45,2445,2024-11-04 00:00:00.000
2024-11-11 00:00:00.000,2024,"Nov",46,2446,2024-11-11 00:00:00.000
2024-11-12 00:00:00.000,2024,"Nov",46,2446,2024-11-11 00:00:00.000
2024-11-13 00:00:00.000,2024,"Nov",46,2446,2024-11-11 00:00:00.000
2024-11-14 00:00:00.000,2024,"Nov",46,2446,2024-11-11 00:00:00.000
2024-11-15 00:00:00.000,2024,"Nov",46,2446,2024-11-11 00:00:00.000
2024-11-16 00:00:00.000,2024,"Nov",46,2446,2024-11-11 00:00:00.000
2024-11-17 00:00:00.000,2024,"Nov",46,2446,2024-11-11 00:00:00.000
2024-11-18 00:00:00.000,2024,"Nov",47,2447,2024-11-18 00:00:00.000
2024-11-19 00:00:00.000,2024,"Nov",47,2447,2024-11-18 00:00:00.000
2024-11-20 00:00:00.000,2024,"Nov",47,2447,2024-11-18 00:00:00.000
2024-11-21 00:00:00.000,2024,"Nov",47,2447,2024-11-18 00:00:00.000
2024-11-22 00:00:00.000,2024,"Nov",47,2447,2024-11-18 00:00:00.000
2024-11-23 00:00:00.000,2024,"Nov",47,2447,2024-11-18 00:00:00.000
2024-11-24 00:00:00.000,2024,"Nov",47,2447,2024-11-18 00:00:00.000
2024-11-25 00:00:00.000,2024,"Nov",48,2448,2024-11-25 00:00:00.000
2024-11-26 00:00:00.000,2024,"Nov",48,2448,2024-11-25 00:00:00.000
2024-11-27 00:00:00.000,2024,"Nov",48,2448,2024-11-25 00:00:00.000
2024-11-28 00:00:00.000,2024,"Nov",48,2448,2024-11-25 00:00:00.000
2024-11-29 00:00:00.000,2024,"Nov",48,2448,2024-11-25 00:00:00.000
2024-11-30 00:00:00.000,2024,"Nov",48,2448,2024-11-25 00:00:00.000
2024-12-01 00:00:00.000,2024,"Dec",48,2448,2024-11-25 00:00:00.000
2024-12-02 00:00:00.000,2024,"Dec",49,2449,2024-12-02 00:00:00.000
2024-12-03 00:00:00.000,2024,"Dec",49,2449,2024-12-02 00:00:00.000
2024-12-04 00:00:00.000,2024,"Dec",49,2449,2024-12-02 00:00:00.000
2024-12-05 00:00:00.000,2024,"Dec",49,2449,2024-12-02 00:00:00.000
2024-12-06 00:00:00.000,2024,"Dec",49,2449,2024-12-02 00:00:00.000
2024-12-07 00:00:00.000,2024,"Dec",49,2449,2024-12-02 00:00:00.000
2024-12-08 00:00:00.000,2024,"Dec",49,2449,2024-12-02 00:00:00.000
2024-12-09 00:00:00.000,2024,"Dec",50,2450,2024-12-09 00:00:00.000
2024-12-10 00:00:00.000,2024,"Dec",50,2450,2024-12-09 00:00:00.000
2024-12-11 00:00:00.000,2024,"Dec",50,2450,2024-12-09 00:00:00.000
2024-12-12 00:00:00.000,2024,"Dec",50,2450,2024-12-09 00:00:00.000
2024-12-13 00:00:00.000,2024,"Dec",50,2450,2024-12-09 00:00:00.000
2024-12-14 00:00:00.000,2024,"Dec",50,2450,2024-12-09 00:00:00.000
2024-12-15 00:00:00.000,2024,"Dec",50,2450,2024-12-09 00:00:00.000
2024-12-16 00:00:00.000,2024,"Dec",51,2451,2024-12-16 00:00:00.000
2024-12-17 00:00:00.000,2024,"Dec",51,2451,2024-12-16 00:00:00.000
2024-12-18 00:00:00.000,2024,"Dec",51,2451,2024-12-16 00:00:00.000
2024-12-19 00:00:00.000,2024,"Dec",51,2451,2024-12-16 00:00:00.000
2024-12-20 00:00:00.000,2024,"Dec",51,2451,2024-12-16 00:00:00.000
2024-12-21 00:00:00.000,2024,"Dec",51,2451,2024-12-16 00:00:00.000
2024-12-22 00:00:00.000,2024,"Dec",51,2451,2024-12-16 00:00:00.000
2024-12-23 00:00:00.000,2024,"Dec",52,2452,2024-12-23 00:00:00.000
2024-12-24 00:00:00.000,2024,"Dec",52,2452,2024-12-23 00:00:00.000
2024-12-25 00:00:00.000,2024,"Dec",52,2452,2024-12-23 00:00:00.000
2024-12-26 00:00:00.000,2024,"Dec",52,2452,2024-12-23 00:00:00.000
2024-12-27 00:00:00.000,2024,"Dec",52,2452,2024-12-23 00:00:00.000
2024-12-28 00:00:00.000,2024,"Dec",52,2452,2024-12-23 00:00:00.000
2024-12-29 00:00:00.000,2024,"Dec",52,2452,2024-12-23 00:00:00.000
2024-12-30 00:00:00.000,2024,"Dec",53,2453,2024-12-30 00:00:00.000
2024-12-31 00:00:00.000,2024,"Dec",53,2453,2024-12-30 00:00:00.000
2023-01-01 00:00:00.000,2023,"Jan",1,2301,2023-01-01 00:00:00.000
2023-01-02 00:00:00.000,2023,"Jan",2,2302,2023-01-08 00:00:00.000
2023-01-03 00:00:00.000,2023,"Jan",2,2302,2023-01-08 00:00:00.000
2023-01-04 00:00:00.000,2023,"Jan",2,2302,2023-01-08 00:00:00.000
2023-01-05 00:00:00.000,2023,"Jan",2,2302,2023-01-08 00:00:00.000
2023-01-06 00:00:00.000,2023,"Jan",2,2302,2023-01-08 00:00:00.000
2023-01-07 00:00:00.000,2023,"Jan",2,2302,2023-01-08 00:00:00.000
2023-01-08 00:00:00.000,2023,"Jan",2,2302,2023-01-08 00:00:00.000
2023-01-09 00:00:00.000,2023,"Jan",3,2303,2023-01-15 00:00:00.000
2023-01-10 00:00:00.000,2023,"Jan",3,2303,2023-01-15 00:00:00.000
2023-01-11 00:00:00.000,2023,"Jan",3,2303,2023-01-15 00:00:00.000
2023-01-12 00:00:00.000,2023,"Jan",3,2303,2023-01-15 00:00:00.000
2023-01-13 00:00:00.000,2023,"Jan",3,2303,2023-01-15 00:00:00.000
2023-01-14 00:00:00.000,2023,"Jan",3,2303,2023-01-15 00:00:00.000
2023-01-15 00:00:00.000,2023,"Jan",3,2303,2023-01-15 00:00:00.000
2023-01-16 00:00:00.000,2023,"Jan",4,2304,2023-01-22 00:00:00.000
2023-01-17 00:00:00.000,2023,"Jan",4,2304,2023-01-22 00:00:00.000
2023-01-18 00:00:00.000,2023,"Jan",4,2304,2023-01-22 00:00:00.000
2023-01-19 00:00:00.000,2023,"Jan",4,2304,2023-01-22 00:00:00.000
2023-01-20 00:00:00.000,2023,"Jan",4,2304,2023-01-22 00:00:00.000
2023-01-21 00:00:00.000,2023,"Jan",4,2304,2023-01-22 00:00:00.000
2023-01-22 00:00:00.000,2023,"Jan",4,2304,2023-01-22 00:00:00.000
2023-01-23 00:00:00.000,2023,"Jan",5,2305,2023-01-29 00:00:00.000
2023-01-24 00:00:00.000,2023,"Jan",5,2305,2023-01-29 00:00:00.000
2023-01-25 00:00:00.000,2023,"Jan",5,2305,2023-01-29 00:00:00.000
2023-01-26 00:00:00.000,2023,"Jan",5,2305,2023-01-29 00:00:00.000
2023-01-27 00:00:00.000,2023,"Jan",5,2305,2023-01-29 00:00:00.000
2023-01-28 00:00:00.000,2023,"Jan",5,2305,2023-01-29 00:00:00.000
2023-01-29 00:00:00.000,2023,"Jan",5,2305,2023-01-29 00:00:00.000
2023-01-30 00:00:00.000,2023,"Jan",6,2306,2023-02-05 00:00:00.000
2023-01-31 00:00:00.000,2023,"Jan",6,2306,2023-02-05 00:00:00.000
2023-02-01 00:00:00.000,2023,"Feb",6,2306,2023-02-05 00:00:00.000
2023-02-02 00:00:00.000,2023,"Feb",6,2306,2023-02-05 00:00:00.000
2023-02-03 00:00:00.000,2023,"Feb",6,2306,2023-02-05 00:00:00.000
2023-02-04 00:00:00.000,2023,"Feb",6,2306,2023-02-05 00:00:00.000
2023-02-05 00:00:00.000,2023,"Feb",6,2306,2023-02-05 00:00:00.000
2023-02-06 00:00:00.000,2023,"Feb",7,2307,2023-02-12 00:00:00.000
2023-02-07 00:00:00.000,2023,"Feb",7,2307,2023-02-12 00:00:00.000
2023-02-08 00:00:00.000,2023,"Feb",7,2307,2023-02-12 00:00:00.000
2023-02-09 00:00:00.000,2023,"Feb",7,2307,2023-02-12 00:00:00.000
2023-02-10 00:00:00.000,2023,"Feb",7,2307,2023-02-12 00:00:00.000
2023-02-11 00:00:00.000,2023,"Feb",7,2307,2023-02-12 00:00:00.000
2023-02-12 00:00:00.000,2023,"Feb",7,2307,2023-02-12 00:00:00.000
2023-02-13 00:00:00.000,2023,"Feb",8,2308,2023-02-19 00:00:00.000
2023-02-14 00:00:00.000,2023,"Feb",8,2308,2023-02-19 00:00:00.000
2023-02-15 00:00:00.000,2023,"Feb",8,2308,2023-02-19 00:00:00.000
2023-02-16 00:00:00.000,2023,"Feb",8,2308,2023-02-19 00:00:00.000
2023-02-17 00:00:00.000,2023,"Feb",8,2308,2023-02-19 00:00:00.000
2023-02-18 00:00:00.000,2023,"Feb",8,2308,2023-02-19 00:00:00.000
2023-02-19 00:00:00.000,2023,"Feb",8,2308,2023-02-19 00:00:00.000
2023-02-20 00:00:00.000,2023,"Feb",9,2309,2023-02-26 00:00:00.000
2023-02-21 00:00:00.000,2023,"Feb",9,2309,2023-02-26 00:00:00.000
2023-02-22 00:00:00.000,2023,"Feb",9,2309,2023-02-26 00:00:00.000
2023-02-23 00:00:00.000,2023,"Feb",9,2309,2023-02-26 00:00:00.000
2023-02-24 00:00:00.000,2023,"Feb",9,2309,2023-02-26 00:00:00.000
2023-02-25 00:00:00.000,2023,"Feb",9,2309,2023-02-26 00:00:00.000
2023-02-26 00:00:00.000,2023,"Feb",9,2309,2023-02-26 00:00:00.000
2023-02-27 00:00:00.000,2023,"Feb",10,2310,2023-03-05 00:00:00.000
2023-02-28 00:00:00.000,2023,"Feb",10,2310,2023-03-05 00:00:00.000
2023-03-01 00:00:00.000,2023,"Mar",10,2310,2023-03-05 00:00:00.000
2023-03-02 00:00:00.000,2023,"Mar",10,2310,2023-03-05 00:00:00.000
2023-03-03 00:00:00.000,2023,"Mar",10,2310,2023-03-05 00:00:00.000
2023-03-04 00:00:00.000,2023,"Mar",10,2310,2023-03-05 00:00:00.000
2023-03-05 00:00:00.000,2023,"Mar",10,2310,2023-03-05 00:00:00.000
2023-03-06 00:00:00.000,2023,"Mar",11,2311,2023-03-12 00:00:00.000
2023-03-07 00:00:00.000,2023,"Mar",11,2311,2023-03-12 00:00:00.000
2023-03-08 00:00:00.000,2023,"Mar",11,2311,2023-03-12 00:00:00.000
2023-03-09 00:00:00.000,2023,"Mar",11,2311,2023-03-12 00:00:00.000
2023-03-10 00:00:00.000,2023,"Mar",11,2311,2023-03-12 00:00:00.000
2023-03-11 00:00:00.000,2023,"Mar",11,2311,2023-03-12 00:00:00.000
2023-03-12 00:00:00.000,2023,"Mar",11,2311,2023-03-12 00:00:00.000
2023-03-13 00:00:00.000,2023,"Mar",12,2312,2023-03-19 00:00:00.000
2023-03-14 00:00:00.000,2023,"Mar",12,2312,2023-03-19 00:00:00.000
2023-03-15 00:00:00.000,2023,"Mar",12,2312,2023-03-19 00:00:00.000
2023-03-16 00:00:00.000,2023,"Mar",12,2312,2023-03-19 00:00:00.000
2023-03-17 00:00:00.000,2023,"Mar",12,2312,2023-03-19 00:00:00.000
2023-03-18 00:00:00.000,2023,"Mar",12,2312,2023-03-19 00:00:00.000
2023-03-19 00:00:00.000,2023,"Mar",12,2312,2023-03-19 00:00:00.000
2023-03-20 00:00:00.000,2023,"Mar",13,2313,2023-03-26 00:00:00.000
2023-03-21 00:00:00.000,2023,"Mar",13,2313,2023-03-26 00:00:00.000
2023-03-22 00:00:00.000,2023,"Mar",13,2313,2023-03-26 00:00:00.000
2023-03-23 00:00:00.000,2023,"Mar",13,2313,2023-03-26 00:00:00.000
2023-03-24 00:00:00.000,2023,"Mar",13,2313,2023-03-26 00:00:00.000
2023-03-25 00:00:00.000,2023,"Mar",13,2313,2023-03-26 00:00:00.000
2023-03-26 00:00:00.000,2023,"Mar",13,2313,2023-03-26 00:00:00.000
2023-03-27 00:00:00.000,2023,"Mar",14,2314,2023-04-02 00:00:00.000
2023-03-28 00:00:00.000,2023,"Mar",14,2314,2023-04-02 00:00:00.000
2023-03-29 00:00:00.000,2023,"Mar",14,2314,2023-04-02 00:00:00.000
2023-03-30 00:00:00.000,2023,"Mar",14,2314,2023-04-02 00:00:00.000
2023-03-31 00:00:00.000,2023,"Mar",14,2314,2023-04-02 00:00:00.000
2023-04-01 00:00:00.000,2023,"Apr",14,2314,2023-04-02 00:00:00.000
2023-04-02 00:00:00.000,2023,"Apr",14,2314,2023-04-02 00:00:00.000
2023-04-03 00:00:00.000,2023,"Apr",15,2315,2023-04-09 00:00:00.000
2023-04-04 00:00:00.000,2023,"Apr",15,2315,2023-04-09 00:00:00.000
2023-04-05 00:00:00.000,2023,"Apr",15,2315,2023-04-09 00:00:00.000
2023-04-06 00:00:00.000,2023,"Apr",15,2315,2023-04-09 00:00:00.000
2023-04-07 00:00:00.000,2023,"Apr",15,2315,2023-04-09 00:00:00.000
2023-04-08 00:00:00.000,2023,"Apr",15,2315,2023-04-09 00:00:00.000
2023-04-09 00:00:00.000,2023,"Apr",15,2315,2023-04-09 00:00:00.000
2023-04-10 00:00:00.000,2023,"Apr",16,2316,2023-04-16 00:00:00.000
2023-04-11 00:00:00.000,2023,"Apr",16,2316,2023-04-16 00:00:00.000
2023-04-12 00:00:00.000,2023,"Apr",16,2316,2023-04-16 00:00:00.000
2023-04-13 00:00:00.000,2023,"Apr",16,2316,2023-04-16 00:00:00.000
2023-04-14 00:00:00.000,2023,"Apr",16,2316,2023-04-16 00:00:00.000
2023-04-15 00:00:00.000,2023,"Apr",16,2316,2023-04-16 00:00:00.000
2023-04-16 00:00:00.000,2023,"Apr",16,2316,2023-04-16 00:00:00.000
2023-04-17 00:00:00.000,2023,"Apr",17,2317,2023-04-23 00:00:00.000
2023-04-18 00:00:00.000,2023,"Apr",17,2317,2023-04-23 00:00:00.000
2023-04-19 00:00:00.000,2023,"Apr",17,2317,2023-04-23 00:00:00.000
2023-04-20 00:00:00.000,2023,"Apr",17,2317,2023-04-23 00:00:00.000
2023-04-21 00:00:00.000,2023,"Apr",17,2317,2023-04-23 00:00:00.000
2023-04-22 00:00:00.000,2023,"Apr",17,2317,2023-04-23 00:00:00.000
2023-04-23 00:00:00.000,2023,"Apr",17,2317,2023-04-23 00:00:00.000
2023-04-24 00:00:00.000,2023,"Apr",18,2318,2023-04-30 00:00:00.000
2023-04-25 00:00:00.000,2023,"Apr",18,2318,2023-04-30 00:00:00.000
2023-04-26 00:00:00.000,2023,"Apr",18,2318,2023-04-30 00:00:00.000
2023-04-27 00:00:00.000,2023,"Apr",18,2318,2023-04-30 00:00:00.000
2023-04-28 00:00:00.000,2023,"Apr",18,2318,2023-04-30 00:00:00.000
2023-04-29 00:00:00.000,2023,"Apr",18,2318,2023-04-30 00:00:00.000
2023-04-30 00:00:00.000,2023,"Apr",18,2318,2023-04-30 00:00:00.000
2023-05-01 00:00:00.000,2023,"May",19,2319,2023-05-07 00:00:00.000
2023-05-02 00:00:00.000,2023,"May",19,2319,2023-05-07 00:00:00.000
2023-05-03 00:00:00.000,2023,"May",19,2319,2023-05-07 00:00:00.000
2023-05-04 00:00:00.000,2023,"May",19,2319,2023-05-07 00:00:00.000
2023-05-05 00:00:00.000,2023,"May",19,2319,2023-05-07 00:00:00.000
2023-05-06 00:00:00.000,2023,"May",19,2319,2023-05-07 00:00:00.000
2023-05-07 00:00:00.000,2023,"May",19,2319,2023-05-07 00:00:00.000
2023-05-08 00:00:00.000,2023,"May",20,2320,2023-05-14 00:00:00.000
2023-05-09 00:00:00.000,2023,"May",20,2320,2023-05-14 00:00:00.000
2023-05-10 00:00:00.000,2023,"May",20,2320,2023-05-14 00:00:00.000
2023-05-11 00:00:00.000,2023,"May",20,2320,2023-05-14 00:00:00.000
2023-05-12 00:00:00.000,2023,"May",20,2320,2023-05-14 00:00:00.000
2023-05-13 00:00:00.000,2023,"May",20,2320,2023-05-14 00:00:00.000
2023-05-14 00:00:00.000,2023,"May",20,2320,2023-05-14 00:00:00.000
2023-05-15 00:00:00.000,2023,"May",21,2321,2023-05-21 00:00:00.000
2023-05-16 00:00:00.000,2023,"May",21,2321,2023-05-21 00:00:00.000
2023-05-17 00:00:00.000,2023,"May",21,2321,2023-05-21 00:00:00.000
2023-05-18 00:00:00.000,2023,"May",21,2321,2023-05-21 00:00:00.000
2023-05-19 00:00:00.000,2023,"May",21,2321,2023-05-21 00:00:00.000
2023-05-20 00:00:00.000,2023,"May",21,2321,2023-05-21 00:00:00.000
2023-05-21 00:00:00.000,2023,"May",21,2321,2023-05-21 00:00:00.000
2023-05-22 00:00:00.000,2023,"May",22,2322,2023-05-28 00:00:00.000
2023-05-23 00:00:00.000,2023,"May",22,2322,2023-05-28 00:00:00.000
2023-05-24 00:00:00.000,2023,"May",22,2322,2023-05-28 00:00:00.000
2023-05-25 00:00:00.000,2023,"May",22,2322,2023-05-28 00:00:00.000
2023-05-26 00:00:00.000,2023,"May",22,2322,2023-05-28 00:00:00.000
2023-05-27 00:00:00.000,2023,"May",22,2322,2023-05-28 00:00:00.000
2023-05-28 00:00:00.000,2023,"May",22,2322,2023-05-28 00:00:00.000
2023-05-29 00:00:00.000,2023,"May",23,2323,2023-06-04 00:00:00.000
2023-05-30 00:00:00.000,2023,"May",23,2323,2023-06-04 00:00:00.000
2023-05-31 00:00:00.000,2023,"May",23,2323,2023-06-04 00:00:00.000
2023-06-01 00:00:00.000,2023,"Jun",23,2323,2023-06-04 00:00:00.000
2023-06-02 00:00:00.000,2023,"Jun",23,2323,2023-06-04 00:00:00.000
2023-06-03 00:00:00.000,2023,"Jun",23,2323,2023-06-04 00:00:00.000
2023-06-04 00:00:00.000,2023,"Jun",23,2323,2023-06-04 00:00:00.000
2023-06-05 00:00:00.000,2023,"Jun",24,2324,2023-06-11 00:00:00.000
2023-06-06 00:00:00.000,2023,"Jun",24,2324,2023-06-11 00:00:00.000
2023-06-07 00:00:00.000,2023,"Jun",24,2324,2023-06-11 00:00:00.000
2023-06-08 00:00:00.000,2023,"Jun",24,2324,2023-06-11 00:00:00.000
2023-06-09 00:00:00.000,2023,"Jun",24,2324,2023-06-11 00:00:00.000
2023-06-10 00:00:00.000,2023,"Jun",24,2324,2023-06-11 00:00:00.000
2023-06-11 00:00:00.000,2023,"Jun",24,2324,2023-06-11 00:00:00.000
2023-06-12 00:00:00.000,2023,"Jun",25,2325,2023-06-18 00:00:00.000
2023-06-13 00:00:00.000,2023,"Jun",25,2325,2023-06-18 00:00:00.000
2023-06-14 00:00:00.000,2023,"Jun",25,2325,2023-06-18 00:00:00.000
2023-06-15 00:00:00.000,2023,"Jun",25,2325,2023-06-18 00:00:00.000
2023-06-16 00:00:00.000,2023,"Jun",25,2325,2023-06-18 00:00:00.000
2023-06-17 00:00:00.000,2023,"Jun",25,2325,2023-06-18 00:00:00.000
2023-06-18 00:00:00.000,2023,"Jun",25,2325,2023-06-18 00:00:00.000
2023-06-19 00:00:00.000,2023,"Jun",26,2326,2023-06-25 00:00:00.000
2023-06-20 00:00:00.000,2023,"Jun",26,2326,2023-06-25 00:00:00.000
2023-06-21 00:00:00.000,2023,"Jun",26,2326,2023-06-25 00:00:00.000
2023-06-22 00:00:00.000,2023,"Jun",26,2326,2023-06-25 00:00:00.000
2023-06-23 00:00:00.000,2023,"Jun",26,2326,2023-06-25 00:00:00.000
2023-06-24 00:00:00.000,2023,"Jun",26,2326,2023-06-25 00:00:00.000
2023-06-25 00:00:00.000,2023,"Jun",26,2326,2023-06-25 00:00:00.000
2023-06-26 00:00:00.000,2023,"Jun",27,2327,2023-07-02 00:00:00.000
2023-06-27 00:00:00.000,2023,"Jun",27,2327,2023-07-02 00:00:00.000
2023-06-28 00:00:00.000,2023,"Jun",27,2327,2023-07-02 00:00:00.000
2023-06-29 00:00:00.000,2023,"Jun",27,2327,2023-07-02 00:00:00.000
2023-06-30 00:00:00.000,2023,"Jun",27,2327,2023-07-02 00:00:00.000
2023-07-01 00:00:00.000,2023,"Jul",27,2327,2023-07-02 00:00:00.000
2023-07-02 00:00:00.000,2023,"Jul",27,2327,2023-07-02 00:00:00.000
2023-07-03 00:00:00.000,2023,"Jul",28,2328,2023-07-09 00:00:00.000
2023-07-04 00:00:00.000,2023,"Jul",28,2328,2023-07-09 00:00:00.000
2023-07-05 00:00:00.000,2023,"Jul",28,2328,2023-07-09 00:00:00.000
2023-07-06 00:00:00.000,2023,"Jul",28,2328,2023-07-09 00:00:00.000
2023-07-07 00:00:00.000,2023,"Jul",28,2328,2023-07-09 00:00:00.000
2023-07-08 00:00:00.000,2023,"Jul",28,2328,2023-07-09 00:00:00.000
2023-07-09 00:00:00.000,2023,"Jul",28,2328,2023-07-09 00:00:00.000
2023-07-10 00:00:00.000,2023,"Jul",29,2329,2023-07-16 00:00:00.000
2023-07-11 00:00:00.000,2023,"Jul",29,2329,2023-07-16 00:00:00.000
2023-07-12 00:00:00.000,2023,"Jul",29,2329,2023-07-16 00:00:00.000
2023-07-13 00:00:00.000,2023,"Jul",29,2329,2023-07-16 00:00:00.000
2023-07-14 00:00:00.000,2023,"Jul",29,2329,2023-07-16 00:00:00.000
2023-07-15 00:00:00.000,2023,"Jul",29,2329,2023-07-16 00:00:00.000
2023-07-16 00:00:00.000,2023,"Jul",29,2329,2023-07-16 00:00:00.000
2023-07-17 00:00:00.000,2023,"Jul",30,2330,2023-07-23 00:00:00.000
2023-07-18 00:00:00.000,2023,"Jul",30,2330,2023-07-23 00:00:00.000
2023-07-19 00:00:00.000,2023,"Jul",30,2330,2023-07-23 00:00:00.000
2023-07-20 00:00:00.000,2023,"Jul",30,2330,2023-07-23 00:00:00.000
2023-07-21 00:00:00.000,2023,"Jul",30,2330,2023-07-23 00:00:00.000
2023-07-22 00:00:00.000,2023,"Jul",30,2330,2023-07-23 00:00:00.000
2023-07-23 00:00:00.000,2023,"Jul",30,2330,2023-07-23 00:00:00.000
2023-07-24 00:00:00.000,2023,"Jul",31,2331,2023-07-30 00:00:00.000
2023-07-25 00:00:00.000,2023,"Jul",31,2331,2023-07-30 00:00:00.000
2023-07-26 00:00:00.000,2023,"Jul",31,2331,2023-07-30 00:00:00.000
2023-07-27 00:00:00.000,2023,"Jul",31,2331,2023-07-30 00:00:00.000
2023-07-28 00:00:00.000,2023,"Jul",31,2331,2023-07-30 00:00:00.000
2023-07-29 00:00:00.000,2023,"Jul",31,2331,2023-07-30 00:00:00.000
2023-07-30 00:00:00.000,2023,"Jul",31,2331,2023-07-30 00:00:00.000
2023-07-31 00:00:00.000,2023,"Jul",32,2332,2023-08-06 00:00:00.000
2023-08-01 00:00:00.000,2023,"Aug",32,2332,2023-08-06 00:00:00.000
2023-08-02 00:00:00.000,2023,"Aug",32,2332,2023-08-06 00:00:00.000
2023-08-03 00:00:00.000,2023,"Aug",32,2332,2023-08-06 00:00:00.000
2023-08-04 00:00:00.000,2023,"Aug",32,2332,2023-08-06 00:00:00.000
2023-08-05 00:00:00.000,2023,"Aug",32,2332,2023-08-06 00:00:00.000
2023-08-06 00:00:00.000,2023,"Aug",32,2332,2023-08-06 00:00:00.000
2023-08-07 00:00:00.000,2023,"Aug",33,2333,2023-08-13 00:00:00.000
2023-08-08 00:00:00.000,2023,"Aug",33,2333,2023-08-13 00:00:00.000
2023-08-09 00:00:00.000,2023,"Aug",33,2333,2023-08-13 00:00:00.000
2023-08-10 00:00:00.000,2023,"Aug",33,2333,2023-08-13 00:00:00.000
2023-08-11 00:00:00.000,2023,"Aug",33,2333,2023-08-13 00:00:00.000
2023-08-12 00:00:00.000,2023,"Aug",33,2333,2023-08-13 00:00:00.000
2023-08-13 00:00:00.000,2023,"Aug",33,2333,2023-08-13 00:00:00.000
2023-08-14 00:00:00.000,2023,"Aug",34,2334,2023-08-20 00:00:00.000
2023-08-15 00:00:00.000,2023,"Aug",34,2334,2023-08-20 00:00:00.000
2023-08-16 00:00:00.000,2023,"Aug",34,2334,2023-08-20 00:00:00.000
2023-08-17 00:00:00.000,2023,"Aug",34,2334,2023-08-20 00:00:00.000
2023-08-18 00:00:00.000,2023,"Aug",34,2334,2023-08-20 00:00:00.000
2023-08-19 00:00:00.000,2023,"Aug",34,2334,2023-08-20 00:00:00.000
2023-08-20 00:00:00.000,2023,"Aug",34,2334,2023-08-20 00:00:00.000
2023-08-21 00:00:00.000,2023,"Aug",35,2335,2023-08-27 00:00:00.000
2023-08-22 00:00:00.000,2023,"Aug",35,2335,2023-08-27 00:00:00.000
2023-08-23 00:00:00.000,2023,"Aug",35,2335,2023-08-27 00:00:00.000
2023-08-24 00:00:00.000,2023,"Aug",35,2335,2023-08-27 00:00:00.000
2023-08-25 00:00:00.000,2023,"Aug",35,2335,2023-08-27 00:00:00.000
2023-08-26 00:00:00.000,2023,"Aug",35,2335,2023-08-27 00:00:00.000
2023-08-27 00:00:00.000,2023,"Aug",35,2335,2023-08-27 00:00:00.000
2023-08-28 00:00:00.000,2023,"Aug",36,2336,2023-09-03 00:00:00.000
2023-08-29 00:00:00.000,2023,"Aug",36,2336,2023-09-03 00:00:00.000
2023-08-30 00:00:00.000,2023,"Aug",36,2336,2023-09-03 00:00:00.000
2023-08-31 00:00:00.000,2023,"Aug",36,2336,2023-09-03 00:00:00.000
2023-09-01 00:00:00.000,2023,"Sep",36,2336,2023-09-03 00:00:00.000
2023-09-02 00:00:00.000,2023,"Sep",36,2336,2023-09-03 00:00:00.000
2023-09-03 00:00:00.000,2023,"Sep",36,2336,2023-09-03 00:00:00.000
2023-09-04 00:00:00.000,2023,"Sep",37,2337,2023-09-10 00:00:00.000
2023-09-05 00:00:00.000,2023,"Sep",37,2337,2023-09-10 00:00:00.000
2023-09-06 00:00:00.000,2023,"Sep",37,2337,2023-09-10 00:00:00.000
2023-09-07 00:00:00.000,2023,"Sep",37,2337,2023-09-10 00:00:00.000
2023-09-08 00:00:00.000,2023,"Sep",37,2337,2023-09-10 00:00:00.000
2023-09-09 00:00:00.000,2023,"Sep",37,2337,2023-09-10 00:00:00.000
2023-09-10 00:00:00.000,2023,"Sep",37,2337,2023-09-10 00:00:00.000
2023-09-11 00:00:00.000,2023,"Sep",38,2338,2023-09-17 00:00:00.000
2023-09-12 00:00:00.000,2023,"Sep",38,2338,2023-09-17 00:00:00.000
2023-09-13 00:00:00.000,2023,"Sep",38,2338,2023-09-17 00:00:00.000
2023-09-14 00:00:00.000,2023,"Sep",38,2338,2023-09-17 00:00:00.000
2023-09-15 00:00:00.000,2023,"Sep",38,2338,2023-09-17 00:00:00.000
2023-09-16 00:00:00.000,2023,"Sep",38,2338,2023-09-17 00:00:00.000
2023-09-17 00:00:00.000,2023,"Sep",38,2338,2023-09-17 00:00:00.000
2023-09-18 00:00:00.000,2023,"Sep",39,2339,2023-09-24 00:00:00.000
2023-09-19 00:00:00.000,2023,"Sep",39,2339,2023-09-24 00:00:00.000
2023-09-20 00:00:00.000,2023,"Sep",39,2339,2023-09-24 00:00:00.000
2023-09-21 00:00:00.000,2023,"Sep",39,2339,2023-09-24 00:00:00.000
2023-09-22 00:00:00.000,2023,"Sep",39,2339,2023-09-24 00:00:00.000
2023-09-23 00:00:00.000,2023,"Sep",39,2339,2023-09-24 00:00:00.000
2023-09-24 00:00:00.000,2023,"Sep",39,2339,2023-09-24 00:00:00.000
2023-09-25 00:00:00.000,2023,"Sep",40,2340,2023-10-01 00:00:00.000
2023-09-26 00:00:00.000,2023,"Sep",40,2340,2023-10-01 00:00:00.000
2023-09-27 00:00:00.000,2023,"Sep",40,2340,2023-10-01 00:00:00.000
2023-09-28 00:00:00.000,2023,"Sep",40,2340,2023-10-01 00:00:00.000
2023-09-29 00:00:00.000,2023,"Sep",40,2340,2023-10-01 00:00:00.000
2023-09-30 00:00:00.000,2023,"Sep",40,2340,2023-10-01 00:00:00.000
2023-10-01 00:00:00.000,2023,"Oct",40,2340,2023-10-01 00:00:00.000
2023-10-02 00:00:00.000,2023,"Oct",41,2341,2023-10-08 00:00:00.000
2023-10-03 00:00:00.000,2023,"Oct",41,2341,2023-10-08 00:00:00.000
2023-10-04 00:00:00.000,2023,"Oct",41,2341,2023-10-08 00:00:00.000
2023-10-05 00:00:00.000,2023,"Oct",41,2341,2023-10-08 00:00:00.000
2023-10-06 00:00:00.000,2023,"Oct",41,2341,2023-10-08 00:00:00.000
2023-10-07 00:00:00.000,2023,"Oct",41,2341,2023-10-08 00:00:00.000
2023-10-08 00:00:00.000,2023,"Oct",41,2341,2023-10-08 00:00:00.000
2023-10-09 00:00:00.000,2023,"Oct",42,2342,2023-10-15 00:00:00.000
2023-10-10 00:00:00.000,2023,"Oct",42,2342,2023-10-15 00:00:00.000
2023-10-11 00:00:00.000,2023,"Oct",42,2342,2023-10-15 00:00:00.000
2023-10-12 00:00:00.000,2023,"Oct",42,2342,2023-10-15 00:00:00.000
2023-10-13 00:00:00.000,2023,"Oct",42,2342,2023-10-15 00:00:00.000
2023-10-14 00:00:00.000,2023,"Oct",42,2342,2023-10-15 00:00:00.000
2023-10-15 00:00:00.000,2023,"Oct",42,2342,2023-10-15 00:00:00.000
2023-10-16 00:00:00.000,2023,"Oct",43,2343,2023-10-22 00:00:00.000
2023-10-17 00:00:00.000,2023,"Oct",43,2343,2023-10-22 00:00:00.000
2023-10-18 00:00:00.000,2023,"Oct",43,2343,2023-10-22 00:00:00.000
2023-10-19 00:00:00.000,2023,"Oct",43,2343,2023-10-22 00:00:00.000
2023-10-20 00:00:00.000,2023,"Oct",43,2343,2023-10-22 00:00:00.000
2023-10-21 00:00:00.000,2023,"Oct",43,2343,2023-10-22 00:00:00.000
2023-10-22 00:00:00.000,2023,"Oct",43,2343,2023-10-22 00:00:00.000
2023-10-23 00:00:00.000,2023,"Oct",44,2344,2023-10-29 00:00:00.000
2023-10-24 00:00:00.000,2023,"Oct",44,2344,2023-10-29 00:00:00.000
2023-10-25 00:00:00.000,2023,"Oct",44,2344,2023-10-29 00:00:00.000
2023-10-26 00:00:00.000,2023,"Oct",44,2344,2023-10-29 00:00:00.000
2023-10-27 00:00:00.000,2023,"Oct",44,2344,2023-10-29 00:00:00.000
2023-10-28 00:00:00.000,2023,"Oct",44,2344,2023-10-29 00:00:00.000
2023-10-29 00:00:00.000,2023,"Oct",44,2344,2023-10-29 00:00:00.000
2023-10-30 00:00:00.000,2023,"Oct",45,2345,2023-11-05 00:00:00.000
2023-10-31 00:00:00.000,2023,"Oct",45,2345,2023-11-05 00:00:00.000
2023-11-01 00:00:00.000,2023,"Nov",45,2345,2023-11-05 00:00:00.000
2023-11-02 00:00:00.000,2023,"Nov",45,2345,2023-11-05 00:00:00.000
2023-11-03 00:00:00.000,2023,"Nov",45,2345,2023-11-05 00:00:00.000
2023-11-04 00:00:00.000,2023,"Nov",45,2345,2023-11-05 00:00:00.000
2023-11-05 00:00:00.000,2023,"Nov",45,2345,2023-11-05 00:00:00.000
2023-11-06 00:00:00.000,2023,"Nov",46,2346,2023-11-12 00:00:00.000
2023-11-07 00:00:00.000,2023,"Nov",46,2346,2023-11-12 00:00:00.000
2023-11-08 00:00:00.000,2023,"Nov",46,2346,2023-11-12 00:00:00.000
2023-11-09 00:00:00.000,2023,"Nov",46,2346,2023-11-12 00:00:00.000
2023-11-10 00:00:00.000,2023,"Nov",46,2346,2023-11-12 00:00:00.000
2023-11-11 00:00:00.000,2023,"Nov",46,2346,2023-11-12 00:00:00.000
2023-11-12 00:00:00.000,2023,"Nov",46,2346,2023-11-12 00:00:00.000
2023-11-13 00:00:00.000,2023,"Nov",47,2347,2023-11-19 00:00:00.000
2023-11-14 00:00:00.000,2023,"Nov",47,2347,2023-11-19 00:00:00.000
2023-11-15 00:00:00.000,2023,"Nov",47,2347,2023-11-19 00:00:00.000
2023-11-16 00:00:00.000,2023,"Nov",47,2347,2023-11-19 00:00:00.000
2023-11-17 00:00:00.000,2023,"Nov",47,2347,2023-11-19 00:00:00.000
2023-11-18 00:00:00.000,2023,"Nov",47,2347,2023-11-19 00:00:00.000
2023-11-19 00:00:00.000,2023,"Nov",47,2347,2023-11-19 00:00:00.000
2023-11-20 00:00:00.000,2023,"Nov",48,2348,2023-11-26 00:00:00.000
2023-11-21 00:00:00.000,2023,"Nov",48,2348,2023-11-26 00:00:00.000
2023-11-22 00:00:00.000,2023,"Nov",48,2348,2023-11-26 00:00:00.000
2023-11-23 00:00:00.000,2023,"Nov",48,2348,2023-11-26 00:00:00.000
2023-11-24 00:00:00.000,2023,"Nov",48,2348,2023-11-26 00:00:00.000
2023-11-25 00:00:00.000,2023,"Nov",48,2348,2023-11-26 00:00:00.000
2023-11-26 00:00:00.000,2023,"Nov",48,2348,2023-11-26 00:00:00.000
2023-11-27 00:00:00.000,2023,"Nov",49,2349,2023-12-03 00:00:00.000
2023-11-28 00:00:00.000,2023,"Nov",49,2349,2023-12-03 00:00:00.000
2023-11-29 00:00:00.000,2023,"Nov",49,2349,2023-12-03 00:00:00.000
2023-11-30 00:00:00.000,2023,"Nov",49,2349,2023-12-03 00:00:00.000
2023-12-01 00:00:00.000,2023,"Dec",49,2349,2023-12-03 00:00:00.000
2023-12-02 00:00:00.000,2023,"Dec",49,2349,2023-12-03 00:00:00.000
2023-12-03 00:00:00.000,2023,"Dec",49,2349,2023-12-03 00:00:00.000
2023-12-04 00:00:00.000,2023,"Dec",50,2350,2023-12-10 00:00:00.000
2023-12-05 00:00:00.000,2023,"Dec",50,2350,2023-12-10 00:00:00.000
2023-12-06 00:00:00.000,2023,"Dec",50,2350,2023-12-10 00:00:00.000
2023-12-07 00:00:00.000,2023,"Dec",50,2350,2023-12-10 00:00:00.000
2023-12-08 00:00:00.000,2023,"Dec",50,2350,2023-12-10 00:00:00.000
2023-12-09 00:00:00.000,2023,"Dec",50,2350,2023-12-10 00:00:00.000
2023-12-10 00:00:00.000,2023,"Dec",50,2350,2023-12-10 00:00:00.000
2023-12-11 00:00:00.000,2023,"Dec",51,2351,2023-12-17 00:00:00.000
2023-12-12 00:00:00.000,2023,"Dec",51,2351,2023-12-17 00:00:00.000
2023-12-13 00:00:00.000,2023,"Dec",51,2351,2023-12-17 00:00:00.000
2023-12-14 00:00:00.000,2023,"Dec",51,2351,2023-12-17 00:00:00.000
2023-12-15 00:00:00.000,2023,"Dec",51,2351,2023-12-17 00:00:00.000
2023-12-16 00:00:00.000,2023,"Dec",51,2351,2023-12-17 00:00:00.000
2023-12-17 00:00:00.000,2023,"Dec",51,2351,2023-12-17 00:00:00.000
2023-12-18 00:00:00.000,2023,"Dec",52,2352,2023-12-24 00:00:00.000
2023-12-19 00:00:00.000,2023,"Dec",52,2352,2023-12-24 00:00:00.000
2023-12-20 00:00:00.000,2023,"Dec",52,2352,2023-12-24 00:00:00.000
2023-12-21 00:00:00.000,2023,"Dec",52,2352,2023-12-24 00:00:00.000
2023-12-22 00:00:00.000,2023,"Dec",52,2352,2023-12-24 00:00:00.000
2023-12-23 00:00:00.000,2023,"Dec",52,2352,2023-12-24 00:00:00.000
2023-12-24 00:00:00.000,2023,"Dec",52,2352,2023-12-24 00:00:00.000
2023-12-25 00:00:00.000,2023,"Dec",53,2353,2023-12-31 00:00:00.000
2023-12-26 00:00:00.000,2023,"Dec",53,2353,2023-12-31 00:00:00.000
2023-12-27 00:00:00.000,2023,"Dec",53,2353,2023-12-31 00:00:00.000
2023-12-28 00:00:00.000,2023,"Dec",53,2353,2023-12-31 00:00:00.000
2023-12-29 00:00:00.000,2023,"Dec",53,2353,2023-12-31 00:00:00.000
2023-12-30 00:00:00.000,2023,"Dec",53,2353,2023-12-31 00:00:00.000
2023-12-31 00:00:00.000,2023,"Dec",53,2353,2023-12-31 00:00:00.000
2025-01-01 00:00:00.000,2025,"Jan",1,2501,2025-01-01 00:00:00.000
2025-01-02 00:00:00.000,2025,"Jan",1,2501,2025-01-01 00:00:00.000
2025-01-03 00:00:00.000,2025,"Jan",1,2501,2025-01-01 00:00:00.000
2025-01-04 00:00:00.000,2025,"Jan",1,2501,2025-01-01 00:00:00.000
2025-01-05 00:00:00.000,2025,"Jan",1,2501,2025-01-01 00:00:00.000
2025-01-06 00:00:00.000,2025,"Jan",2,2502,2025-01-08 00:00:00.000
2025-01-07 00:00:00.000,2025,"Jan",2,2502,2025-01-08 00:00:00.000
2025-01-08 00:00:00.000,2025,"Jan",2,2502,2025-01-08 00:00:00.000
2025-01-09 00:00:00.000,2025,"Jan",2,2502,2025-01-08 00:00:00.000
2025-01-10 00:00:00.000,2025,"Jan",2,2502,2025-01-08 00:00:00.000
2025-01-11 00:00:00.000,2025,"Jan",2,2502,2025-01-08 00:00:00.000
2025-01-12 00:00:00.000,2025,"Jan",2,2502,2025-01-08 00:00:00.000
2025-01-13 00:00:00.000,2025,"Jan",3,2503,2025-01-15 00:00:00.000
2025-01-14 00:00:00.000,2025,"Jan",3,2503,2025-01-15 00:00:00.000
2025-01-15 00:00:00.000,2025,"Jan",3,2503,2025-01-15 00:00:00.000
2025-01-16 00:00:00.000,2025,"Jan",3,2503,2025-01-15 00:00:00.000
2025-01-17 00:00:00.000,2025,"Jan",3,2503,2025-01-15 00:00:00.000
2025-01-18 00:00:00.000,2025,"Jan",3,2503,2025-01-15 00:00:00.000
2025-01-19 00:00:00.000,2025,"Jan",3,2503,2025-01-15 00:00:00.000
2025-01-20 00:00:00.000,2025,"Jan",4,2504,2025-01-22 00:00:00.000
2025-01-21 00:00:00.000,2025,"Jan",4,2504,2025-01-22 00:00:00.000
2025-01-22 00:00:00.000,2025,"Jan",4,2504,2025-01-22 00:00:00.000
2025-01-23 00:00:00.000,2025,"Jan",4,2504,2025-01-22 00:00:00.000
2025-01-24 00:00:00.000,2025,"Jan",4,2504,2025-01-22 00:00:00.000
2025-01-25 00:00:00.000,2025,"Jan",4,2504,2025-01-22 00:00:00.000
2025-01-26 00:00:00.000,2025,"Jan",4,2504,2025-01-22 00:00:00.000
2025-01-27 00:00:00.000,2025,"Jan",5,2505,2025-01-29 00:00:00.000
2025-01-28 00:00:00.000,2025,"Jan",5,2505,2025-01-29 00:00:00.000
2025-01-29 00:00:00.000,2025,"Jan",5,2505,2025-01-29 00:00:00.000
2025-01-30 00:00:00.000,2025,"Jan",5,2505,2025-01-29 00:00:00.000
2025-01-31 00:00:00.000,2025,"Jan",5,2505,2025-01-29 00:00:00.000
2025-02-01 00:00:00.000,2025,"Feb",5,2505,2025-01-29 00:00:00.000
2025-02-02 00:00:00.000,2025,"Feb",5,2505,2025-01-29 00:00:00.000
2025-02-03 00:00:00.000,2025,"Feb",6,2506,2025-02-05 00:00:00.000
2025-02-04 00:00:00.000,2025,"Feb",6,2506,2025-02-05 00:00:00.000
2025-02-05 00:00:00.000,2025,"Feb",6,2506,2025-02-05 00:00:00.000
2025-02-06 00:00:00.000,2025,"Feb",6,2506,2025-02-05 00:00:00.000
2025-02-07 00:00:00.000,2025,"Feb",6,2506,2025-02-05 00:00:00.000
2025-02-08 00:00:00.000,2025,"Feb",6,2506,2025-02-05 00:00:00.000
2025-02-09 00:00:00.000,2025,"Feb",6,2506,2025-02-05 00:00:00.000
2025-02-10 00:00:00.000,2025,"Feb",7,2507,2025-02-12 00:00:00.000
2025-02-11 00:00:00.000,2025,"Feb",7,2507,2025-02-12 00:00:00.000
2025-02-12 00:00:00.000,2025,"Feb",7,2507,2025-02-12 00:00:00.000
2025-02-13 00:00:00.000,2025,"Feb",7,2507,2025-02-12 00:00:00.000
2025-02-14 00:00:00.000,2025,"Feb",7,2507,2025-02-12 00:00:00.000
2025-02-15 00:00:00.000,2025,"Feb",7,2507,2025-02-12 00:00:00.000
2025-02-16 00:00:00.000,2025,"Feb",7,2507,2025-02-12 00:00:00.000
2025-02-17 00:00:00.000,2025,"Feb",8,2508,2025-02-19 00:00:00.000
2025-02-18 00:00:00.000,2025,"Feb",8,2508,2025-02-19 00:00:00.000
2025-02-19 00:00:00.000,2025,"Feb",8,2508,2025-02-19 00:00:00.000
2025-02-20 00:00:00.000,2025,"Feb",8,2508,2025-02-19 00:00:00.000
2025-02-21 00:00:00.000,2025,"Feb",8,2508,2025-02-19 00:00:00.000
2025-02-22 00:00:00.000,2025,"Feb",8,2508,2025-02-19 00:00:00.000
2025-02-23 00:00:00.000,2025,"Feb",8,2508,2025-02-19 00:00:00.000
2025-02-24 00:00:00.000,2025,"Feb",9,2509,2025-02-26 00:00:00.000
2025-02-25 00:00:00.000,2025,"Feb",9,2509,2025-02-26 00:00:00.000
2025-02-26 00:00:00.000,2025,"Feb",9,2509,2025-02-26 00:00:00.000
2025-02-27 00:00:00.000,2025,"Feb",9,2509,2025-02-26 00:00:00.000
2025-02-28 00:00:00.000,2025,"Feb",9,2509,2025-02-26 00:00:00.000
2025-03-01 00:00:00.000,2025,"Mar",9,2509,2025-02-26 00:00:00.000
2025-03-02 00:00:00.000,2025,"Mar",9,2509,2025-02-26 00:00:00.000
2025-03-03 00:00:00.000,2025,"Mar",10,2510,2025-03-05 00:00:00.000
2025-03-04 00:00:00.000,2025,"Mar",10,2510,2025-03-05 00:00:00.000
2025-03-05 00:00:00.000,2025,"Mar",10,2510,2025-03-05 00:00:00.000
2025-03-06 00:00:00.000,2025,"Mar",10,2510,2025-03-05 00:00:00.000
2025-03-07 00:00:00.000,2025,"Mar",10,2510,2025-03-05 00:00:00.000
2025-03-08 00:00:00.000,2025,"Mar",10,2510,2025-03-05 00:00:00.000
2025-03-09 00:00:00.000,2025,"Mar",10,2510,2025-03-05 00:00:00.000
2025-03-10 00:00:00.000,2025,"Mar",11,2511,2025-03-12 00:00:00.000
2025-03-11 00:00:00.000,2025,"Mar",11,2511,2025-03-12 00:00:00.000
2025-03-12 00:00:00.000,2025,"Mar",11,2511,2025-03-12 00:00:00.000
2025-03-13 00:00:00.000,2025,"Mar",11,2511,2025-03-12 00:00:00.000
2025-03-14 00:00:00.000,2025,"Mar",11,2511,2025-03-12 00:00:00.000
2025-03-15 00:00:00.000,2025,"Mar",11,2511,2025-03-12 00:00:00.000
2025-03-16 00:00:00.000,2025,"Mar",11,2511,2025-03-12 00:00:00.000
2025-03-17 00:00:00.000,2025,"Mar",12,2512,2025-03-19 00:00:00.000
2025-03-18 00:00:00.000,2025,"Mar",12,2512,2025-03-19 00:00:00.000
2025-03-19 00:00:00.000,2025,"Mar",12,2512,2025-03-19 00:00:00.000
2025-03-20 00:00:00.000,2025,"Mar",12,2512,2025-03-19 00:00:00.000
2025-03-21 00:00:00.000,2025,"Mar",12,2512,2025-03-19 00:00:00.000
2025-03-22 00:00:00.000,2025,"Mar",12,2512,2025-03-19 00:00:00.000
2025-03-23 00:00:00.000,2025,"Mar",12,2512,2025-03-19 00:00:00.000
2025-03-24 00:00:00.000,2025,"Mar",13,2513,2025-03-26 00:00:00.000
2025-03-25 00:00:00.000,2025,"Mar",13,2513,2025-03-26 00:00:00.000
2025-03-26 00:00:00.000,2025,"Mar",13,2513,2025-03-26 00:00:00.000
2025-03-27 00:00:00.000,2025,"Mar",13,2513,2025-03-26 00:00:00.000
2025-03-28 00:00:00.000,2025,"Mar",13,2513,2025-03-26 00:00:00.000
2025-03-29 00:00:00.000,2025,"Mar",13,2513,2025-03-26 00:00:00.000
2025-03-30 00:00:00.000,2025,"Mar",13,2513,2025-03-26 00:00:00.000
2025-03-31 00:00:00.000,2025,"Mar",14,2514,2025-04-02 00:00:00.000
2025-04-01 00:00:00.000,2025,"Apr",14,2514,2025-04-02 00:00:00.000
2025-04-02 00:00:00.000,2025,"Apr",14,2514,2025-04-02 00:00:00.000
2025-04-03 00:00:00.000,2025,"Apr",14,2514,2025-04-02 00:00:00.000
2025-04-04 00:00:00.000,2025,"Apr",14,2514,2025-04-02 00:00:00.000
2025-04-05 00:00:00.000,2025,"Apr",14,2514,2025-04-02 00:00:00.000
2025-04-06 00:00:00.000,2025,"Apr",14,2514,2025-04-02 00:00:00.000
2025-04-07 00:00:00.000,2025,"Apr",15,2515,2025-04-09 00:00:00.000
2025-04-08 00:00:00.000,2025,"Apr",15,2515,2025-04-09 00:00:00.000
2025-04-09 00:00:00.000,2025,"Apr",15,2515,2025-04-09 00:00:00.000
2025-04-10 00:00:00.000,2025,"Apr",15,2515,2025-04-09 00:00:00.000
2025-04-11 00:00:00.000,2025,"Apr",15,2515,2025-04-09 00:00:00.000
2025-04-12 00:00:00.000,2025,"Apr",15,2515,2025-04-09 00:00:00.000
2025-04-13 00:00:00.000,2025,"Apr",15,2515,2025-04-09 00:00:00.000
2025-04-14 00:00:00.000,2025,"Apr",16,2516,2025-04-16 00:00:00.000
2025-04-15 00:00:00.000,2025,"Apr",16,2516,2025-04-16 00:00:00.000
2025-04-16 00:00:00.000,2025,"Apr",16,2516,2025-04-16 00:00:00.000
2025-04-17 00:00:00.000,2025,"Apr",16,2516,2025-04-16 00:00:00.000
2025-04-18 00:00:00.000,2025,"Apr",16,2516,2025-04-16 00:00:00.000
2025-04-19 00:00:00.000,2025,"Apr",16,2516,2025-04-16 00:00:00.000
2025-04-20 00:00:00.000,2025,"Apr",16,2516,2025-04-16 00:00:00.000
2025-04-21 00:00:00.000,2025,"Apr",17,2517,2025-04-23 00:00:00.000
2025-04-22 00:00:00.000,2025,"Apr",17,2517,2025-04-23 00:00:00.000
2025-04-23 00:00:00.000,2025,"Apr",17,2517,2025-04-23 00:00:00.000
2025-04-24 00:00:00.000,2025,"Apr",17,2517,2025-04-23 00:00:00.000
2025-04-25 00:00:00.000,2025,"Apr",17,2517,2025-04-23 00:00:00.000
2025-04-26 00:00:00.000,2025,"Apr",17,2517,2025-04-23 00:00:00.000
2025-04-27 00:00:00.000,2025,"Apr",17,2517,2025-04-23 00:00:00.000
2025-04-28 00:00:00.000,2025,"Apr",18,2518,2025-04-30 00:00:00.000
2025-04-29 00:00:00.000,2025,"Apr",18,2518,2025-04-30 00:00:00.000
2025-04-30 00:00:00.000,2025,"Apr",18,2518,2025-04-30 00:00:00.000
2025-05-01 00:00:00.000,2025,"May",18,2518,2025-04-30 00:00:00.000
2025-05-02 00:00:00.000,2025,"May",18,2518,2025-04-30 00:00:00.000
2025-05-03 00:00:00.000,2025,"May",18,2518,2025-04-30 00:00:00.000
2025-05-04 00:00:00.000,2025,"May",18,2518,2025-04-30 00:00:00.000
2025-05-05 00:00:00.000,2025,"May",19,2519,2025-05-07 00:00:00.000
2025-05-06 00:00:00.000,2025,"May",19,2519,2025-05-07 00:00:00.000
2025-05-07 00:00:00.000,2025,"May",19,2519,2025-05-07 00:00:00.000
2025-05-08 00:00:00.000,2025,"May",19,2519,2025-05-07 00:00:00.000
2025-05-09 00:00:00.000,2025,"May",19,2519,2025-05-07 00:00:00.000
2025-05-10 00:00:00.000,2025,"May",19,2519,2025-05-07 00:00:00.000
2025-05-11 00:00:00.000,2025,"May",19,2519,2025-05-07 00:00:00.000
2025-05-12 00:00:00.000,2025,"May",20,2520,2025-05-14 00:00:00.000
2025-05-13 00:00:00.000,2025,"May",20,2520,2025-05-14 00:00:00.000
2025-05-14 00:00:00.000,2025,"May",20,2520,2025-05-14 00:00:00.000
2025-05-15 00:00:00.000,2025,"May",20,2520,2025-05-14 00:00:00.000
2025-05-16 00:00:00.000,2025,"May",20,2520,2025-05-14 00:00:00.000
2025-05-17 00:00:00.000,2025,"May",20,2520,2025-05-14 00:00:00.000
2025-05-18 00:00:00.000,2025,"May",20,2520,2025-05-14 00:00:00.000
2025-05-19 00:00:00.000,2025,"May",21,2521,2025-05-21 00:00:00.000
2025-05-20 00:00:00.000,2025,"May",21,2521,2025-05-21 00:00:00.000
2025-05-21 00:00:00.000,2025,"May",21,2521,2025-05-21 00:00:00.000
2025-05-22 00:00:00.000,2025,"May",21,2521,2025-05-21 00:00:00.000
2025-05-23 00:00:00.000,2025,"May",21,2521,2025-05-21 00:00:00.000
2025-05-24 00:00:00.000,2025,"May",21,2521,2025-05-21 00:00:00.000
2025-05-25 00:00:00.000,2025,"May",21,2521,2025-05-21 00:00:00.000
2025-05-26 00:00:00.000,2025,"May",22,2522,2025-05-28 00:00:00.000
2025-05-27 00:00:00.000,2025,"May",22,2522,2025-05-28 00:00:00.000
2025-05-28 00:00:00.000,2025,"May",22,2522,2025-05-28 00:00:00.000
2025-05-29 00:00:00.000,2025,"May",22,2522,2025-05-28 00:00:00.000
2025-05-30 00:00:00.000,2025,"May",22,2522,2025-05-28 00:00:00.000
2025-05-31 00:00:00.000,2025,"May",22,2522,2025-05-28 00:00:00.000
2025-06-01 00:00:00.000,2025,"Jun",22,2522,2025-05-28 00:00:00.000
2025-06-02 00:00:00.000,2025,"Jun",23,2523,2025-06-04 00:00:00.000
2025-06-03 00:00:00.000,2025,"Jun",23,2523,2025-06-04 00:00:00.000
2025-06-04 00:00:00.000,2025,"Jun",23,2523,2025-06-04 00:00:00.000
2025-06-05 00:00:00.000,2025,"Jun",23,2523,2025-06-04 00:00:00.000
2025-06-06 00:00:00.000,2025,"Jun",23,2523,2025-06-04 00:00:00.000
2025-06-07 00:00:00.000,2025,"Jun",23,2523,2025-06-04 00:00:00.000
2025-06-08 00:00:00.000,2025,"Jun",23,2523,2025-06-04 00:00:00.000
2025-06-09 00:00:00.000,2025,"Jun",24,2524,2025-06-11 00:00:00.000
2025-06-10 00:00:00.000,2025,"Jun",24,2524,2025-06-11 00:00:00.000
2025-06-11 00:00:00.000,2025,"Jun",24,2524,2025-06-11 00:00:00.000
2025-06-12 00:00:00.000,2025,"Jun",24,2524,2025-06-11 00:00:00.000
2025-06-13 00:00:00.000,2025,"Jun",24,2524,2025-06-11 00:00:00.000
2025-06-14 00:00:00.000,2025,"Jun",24,2524,2025-06-11 00:00:00.000
2025-06-15 00:00:00.000,2025,"Jun",24,2524,2025-06-11 00:00:00.000
2025-06-16 00:00:00.000,2025,"Jun",25,2525,2025-06-18 00:00:00.000
2025-06-17 00:00:00.000,2025,"Jun",25,2525,2025-06-18 00:00:00.000
2025-06-18 00:00:00.000,2025,"Jun",25,2525,2025-06-18 00:00:00.000
2025-06-19 00:00:00.000,2025,"Jun",25,2525,2025-06-18 00:00:00.000
2025-06-20 00:00:00.000,2025,"Jun",25,2525,2025-06-18 00:00:00.000
2025-06-21 00:00:00.000,2025,"Jun",25,2525,2025-06-18 00:00:00.000
2025-06-22 00:00:00.000,2025,"Jun",25,2525,2025-06-18 00:00:00.000
2025-06-23 00:00:00.000,2025,"Jun",26,2526,2025-06-25 00:00:00.000
2025-06-24 00:00:00.000,2025,"Jun",26,2526,2025-06-25 00:00:00.000
2025-06-25 00:00:00.000,2025,"Jun",26,2526,2025-06-25 00:00:00.000
2025-06-26 00:00:00.000,2025,"Jun",26,2526,2025-06-25 00:00:00.000
2025-06-27 00:00:00.000,2025,"Jun",26,2526,2025-06-25 00:00:00.000
2025-06-28 00:00:00.000,2025,"Jun",26,2526,2025-06-25 00:00:00.000
2025-06-29 00:00:00.000,2025,"Jun",26,2526,2025-06-25 00:00:00.000
2025-06-30 00:00:00.000,2025,"Jun",27,2527,2025-07-02 00:00:00.000
2025-07-01 00:00:00.000,2025,"Jul",27,2527,2025-07-02 00:00:00.000
2025-07-02 00:00:00.000,2025,"Jul",27,2527,2025-07-02 00:00:00.000
2025-07-03 00:00:00.000,2025,"Jul",27,2527,2025-07-02 00:00:00.000
2025-07-04 00:00:00.000,2025,"Jul",27,2527,2025-07-02 00:00:00.000
2025-07-05 00:00:00.000,2025,"Jul",27,2527,2025-07-02 00:00:00.000
2025-07-06 00:00:00.000,2025,"Jul",27,2527,2025-07-02 00:00:00.000
2025-07-07 00:00:00.000,2025,"Jul",28,2528,2025-07-09 00:00:00.000
2025-07-08 00:00:00.000,2025,"Jul",28,2528,2025-07-09 00:00:00.000
2025-07-09 00:00:00.000,2025,"Jul",28,2528,2025-07-09 00:00:00.000
2025-07-10 00:00:00.000,2025,"Jul",28,2528,2025-07-09 00:00:00.000
2025-07-11 00:00:00.000,2025,"Jul",28,2528,2025-07-09 00:00:00.000
2025-07-12 00:00:00.000,2025,"Jul",28,2528,2025-07-09 00:00:00.000
2025-07-13 00:00:00.000,2025,"Jul",28,2528,2025-07-09 00:00:00.000
2025-07-14 00:00:00.000,2025,"Jul",29,2529,2025-07-16 00:00:00.000
2025-07-15 00:00:00.000,2025,"Jul",29,2529,2025-07-16 00:00:00.000
2025-07-16 00:00:00.000,2025,"Jul",29,2529,2025-07-16 00:00:00.000
2025-07-17 00:00:00.000,2025,"Jul",29,2529,2025-07-16 00:00:00.000
2025-07-18 00:00:00.000,2025,"Jul",29,2529,2025-07-16 00:00:00.000
2025-07-19 00:00:00.000,2025,"Jul",29,2529,2025-07-16 00:00:00.000
2025-07-20 00:00:00.000,2025,"Jul",29,2529,2025-07-16 00:00:00.000
2025-07-21 00:00:00.000,2025,"Jul",30,2530,2025-07-23 00:00:00.000
2025-07-22 00:00:00.000,2025,"Jul",30,2530,2025-07-23 00:00:00.000
2025-07-23 00:00:00.000,2025,"Jul",30,2530,2025-07-23 00:00:00.000
2025-07-24 00:00:00.000,2025,"Jul",30,2530,2025-07-23 00:00:00.000
2025-07-25 00:00:00.000,2025,"Jul",30,2530,2025-07-23 00:00:00.000
2025-07-26 00:00:00.000,2025,"Jul",30,2530,2025-07-23 00:00:00.000
2025-07-27 00:00:00.000,2025,"Jul",30,2530,2025-07-23 00:00:00.000
2025-07-28 00:00:00.000,2025,"Jul",31,2531,2025-07-30 00:00:00.000
2025-07-29 00:00:00.000,2025,"Jul",31,2531,2025-07-30 00:00:00.000
2025-07-30 00:00:00.000,2025,"Jul",31,2531,2025-07-30 00:00:00.000
2025-07-31 00:00:00.000,2025,"Jul",31,2531,2025-07-30 00:00:00.000
2025-08-01 00:00:00.000,2025,"Aug",31,2531,2025-07-30 00:00:00.000
2025-08-02 00:00:00.000,2025,"Aug",31,2531,2025-07-30 00:00:00.000
2025-08-03 00:00:00.000,2025,"Aug",31,2531,2025-07-30 00:00:00.000
2025-08-04 00:00:00.000,2025,"Aug",32,2532,2025-08-06 00:00:00.000
2025-08-05 00:00:00.000,2025,"Aug",32,2532,2025-08-06 00:00:00.000
2025-08-06 00:00:00.000,2025,"Aug",32,2532,2025-08-06 00:00:00.000
2025-08-07 00:00:00.000,2025,"Aug",32,2532,2025-08-06 00:00:00.000
2025-08-08 00:00:00.000,2025,"Aug",32,2532,2025-08-06 00:00:00.000
2025-08-09 00:00:00.000,2025,"Aug",32,2532,2025-08-06 00:00:00.000
2025-08-10 00:00:00.000,2025,"Aug",32,2532,2025-08-06 00:00:00.000
2025-08-11 00:00:00.000,2025,"Aug",33,2533,2025-08-13 00:00:00.000
2025-08-12 00:00:00.000,2025,"Aug",33,2533,2025-08-13 00:00:00.000
2025-08-13 00:00:00.000,2025,"Aug",33,2533,2025-08-13 00:00:00.000
2025-08-14 00:00:00.000,2025,"Aug",33,2533,2025-08-13 00:00:00.000
2025-08-15 00:00:00.000,2025,"Aug",33,2533,2025-08-13 00:00:00.000
2025-08-16 00:00:00.000,2025,"Aug",33,2533,2025-08-13 00:00:00.000
2025-08-17 00:00:00.000,2025,"Aug",33,2533,2025-08-13 00:00:00.000
2025-08-18 00:00:00.000,2025,"Aug",34,2534,2025-08-20 00:00:00.000
2025-08-19 00:00:00.000,2025,"Aug",34,2534,2025-08-20 00:00:00.000
2025-08-20 00:00:00.000,2025,"Aug",34,2534,2025-08-20 00:00:00.000
2025-08-21 00:00:00.000,2025,"Aug",34,2534,2025-08-20 00:00:00.000
2025-08-22 00:00:00.000,2025,"Aug",34,2534,2025-08-20 00:00:00.000
2025-08-23 00:00:00.000,2025,"Aug",34,2534,2025-08-20 00:00:00.000
2025-08-24 00:00:00.000,2025,"Aug",34,2534,2025-08-20 00:00:00.000
2025-08-25 00:00:00.000,2025,"Aug",35,2535,2025-08-27 00:00:00.000
2025-08-26 00:00:00.000,2025,"Aug",35,2535,2025-08-27 00:00:00.000
2025-08-27 00:00:00.000,2025,"Aug",35,2535,2025-08-27 00:00:00.000
2025-08-28 00:00:00.000,2025,"Aug",35,2535,2025-08-27 00:00:00.000
2025-08-29 00:00:00.000,2025,"Aug",35,2535,2025-08-27 00:00:00.000
2025-08-30 00:00:00.000,2025,"Aug",35,2535,2025-08-27 00:00:00.000
2025-08-31 00:00:00.000,2025,"Aug",35,2535,2025-08-27 00:00:00.000
2025-09-01 00:00:00.000,2025,"Sep",36,2536,2025-09-03 00:00:00.000
2025-09-02 00:00:00.000,2025,"Sep",36,2536,2025-09-03 00:00:00.000
2025-09-03 00:00:00.000,2025,"Sep",36,2536,2025-09-03 00:00:00.000
2025-09-04 00:00:00.000,2025,"Sep",36,2536,2025-09-03 00:00:00.000
2025-09-05 00:00:00.000,2025,"Sep",36,2536,2025-09-03 00:00:00.000
2025-09-06 00:00:00.000,2025,"Sep",36,2536,2025-09-03 00:00:00.000
2025-09-07 00:00:00.000,2025,"Sep",36,2536,2025-09-03 00:00:00.000
2025-09-08 00:00:00.000,2025,"Sep",37,2537,2025-09-10 00:00:00.000
2025-09-09 00:00:00.000,2025,"Sep",37,2537,2025-09-10 00:00:00.000
2025-09-10 00:00:00.000,2025,"Sep",37,2537,2025-09-10 00:00:00.000
2025-09-11 00:00:00.000,2025,"Sep",37,2537,2025-09-10 00:00:00.000
2025-09-12 00:00:00.000,2025,"Sep",37,2537,2025-09-10 00:00:00.000
2025-09-13 00:00:00.000,2025,"Sep",37,2537,2025-09-10 00:00:00.000
2025-09-14 00:00:00.000,2025,"Sep",37,2537,2025-09-10 00:00:00.000
2025-09-15 00:00:00.000,2025,"Sep",38,2538,2025-09-17 00:00:00.000
2025-09-16 00:00:00.000,2025,"Sep",38,2538,2025-09-17 00:00:00.000
2025-09-17 00:00:00.000,2025,"Sep",38,2538,2025-09-17 00:00:00.000
2025-09-18 00:00:00.000,2025,"Sep",38,2538,2025-09-17 00:00:00.000
2025-09-19 00:00:00.000,2025,"Sep",38,2538,2025-09-17 00:00:00.000
2025-09-20 00:00:00.000,2025,"Sep",38,2538,2025-09-17 00:00:00.000
2025-09-21 00:00:00.000,2025,"Sep",38,2538,2025-09-17 00:00:00.000
2025-09-22 00:00:00.000,2025,"Sep",39,2539,2025-09-24 00:00:00.000
2025-09-23 00:00:00.000,2025,"Sep",39,2539,2025-09-24 00:00:00.000
2025-09-24 00:00:00.000,2025,"Sep",39,2539,2025-09-24 00:00:00.000
2025-09-25 00:00:00.000,2025,"Sep",39,2539,2025-09-24 00:00:00.000
2025-09-26 00:00:00.000,2025,"Sep",39,2539,2025-09-24 00:00:00.000
2025-09-27 00:00:00.000,2025,"Sep",39,2539,2025-09-24 00:00:00.000
2025-09-28 00:00:00.000,2025,"Sep",39,2539,2025-09-24 00:00:00.000
2025-09-29 00:00:00.000,2025,"Sep",40,2540,2025-10-01 00:00:00.000
2025-09-30 00:00:00.000,2025,"Sep",40,2540,2025-10-01 00:00:00.000
2025-10-01 00:00:00.000,2025,"Oct",40,2540,2025-10-01 00:00:00.000
2025-10-02 00:00:00.000,2025,"Oct",40,2540,2025-10-01 00:00:00.000
2025-10-03 00:00:00.000,2025,"Oct",40,2540,2025-10-01 00:00:00.000
2025-10-04 00:00:00.000,2025,"Oct",40,2540,2025-10-01 00:00:00.000
2025-10-05 00:00:00.000,2025,"Oct",40,2540,2025-10-01 00:00:00.000
2025-10-06 00:00:00.000,2025,"Oct",41,2541,2025-10-08 00:00:00.000
2025-10-07 00:00:00.000,2025,"Oct",41,2541,2025-10-08 00:00:00.000
2025-10-08 00:00:00.000,2025,"Oct",41,2541,2025-10-08 00:00:00.000
2025-10-09 00:00:00.000,2025,"Oct",41,2541,2025-10-08 00:00:00.000
2025-10-10 00:00:00.000,2025,"Oct",41,2541,2025-10-08 00:00:00.000
2025-10-11 00:00:00.000,2025,"Oct",41,2541,2025-10-08 00:00:00.000
2025-10-12 00:00:00.000,2025,"Oct",41,2541,2025-10-08 00:00:00.000
2025-10-13 00:00:00.000,2025,"Oct",42,2542,2025-10-15 00:00:00.000
2025-10-14 00:00:00.000,2025,"Oct",42,2542,2025-10-15 00:00:00.000
2025-10-15 00:00:00.000,2025,"Oct",42,2542,2025-10-15 00:00:00.000
2025-10-16 00:00:00.000,2025,"Oct",42,2542,2025-10-15 00:00:00.000
2025-10-17 00:00:00.000,2025,"Oct",42,2542,2025-10-15 00:00:00.000
2025-10-18 00:00:00.000,2025,"Oct",42,2542,2025-10-15 00:00:00.000
2025-10-19 00:00:00.000,2025,"Oct",42,2542,2025-10-15 00:00:00.000
2025-10-20 00:00:00.000,2025,"Oct",43,2543,2025-10-22 00:00:00.000
2025-10-21 00:00:00.000,2025,"Oct",43,2543,2025-10-22 00:00:00.000
2025-10-22 00:00:00.000,2025,"Oct",43,2543,2025-10-22 00:00:00.000
2025-10-23 00:00:00.000,2025,"Oct",43,2543,2025-10-22 00:00:00.000
2025-10-24 00:00:00.000,2025,"Oct",43,2543,2025-10-22 00:00:00.000
2025-10-25 00:00:00.000,2025,"Oct",43,2543,2025-10-22 00:00:00.000
2025-10-26 00:00:00.000,2025,"Oct",43,2543,2025-10-22 00:00:00.000
2025-10-27 00:00:00.000,2025,"Oct",44,2544,2025-10-29 00:00:00.000
2025-10-28 00:00:00.000,2025,"Oct",44,2544,2025-10-29 00:00:00.000
2025-10-29 00:00:00.000,2025,"Oct",44,2544,2025-10-29 00:00:00.000
2025-10-30 00:00:00.000,2025,"Oct",44,2544,2025-10-29 00:00:00.000
2025-10-31 00:00:00.000,2025,"Oct",44,2544,2025-10-29 00:00:00.000
2025-11-01 00:00:00.000,2025,"Nov",44,2544,2025-10-29 00:00:00.000
2025-11-02 00:00:00.000,2025,"Nov",44,2544,2025-10-29 00:00:00.000
2025-11-03 00:00:00.000,2025,"Nov",45,2545,2025-11-05 00:00:00.000
2025-11-04 00:00:00.000,2025,"Nov",45,2545,2025-11-05 00:00:00.000
2025-11-05 00:00:00.000,2025,"Nov",45,2545,2025-11-05 00:00:00.000
2025-11-06 00:00:00.000,2025,"Nov",45,2545,2025-11-05 00:00:00.000
2025-11-07 00:00:00.000,2025,"Nov",45,2545,2025-11-05 00:00:00.000
2025-11-08 00:00:00.000,2025,"Nov",45,2545,2025-11-05 00:00:00.000
2025-11-09 00:00:00.000,2025,"Nov",45,2545,2025-11-05 00:00:00.000
2025-11-10 00:00:00.000,2025,"Nov",46,2546,2025-11-12 00:00:00.000
2025-11-11 00:00:00.000,2025,"Nov",46,2546,2025-11-12 00:00:00.000
2025-11-12 00:00:00.000,2025,"Nov",46,2546,2025-11-12 00:00:00.000
2025-11-13 00:00:00.000,2025,"Nov",46,2546,2025-11-12 00:00:00.000
2025-11-14 00:00:00.000,2025,"Nov",46,2546,2025-11-12 00:00:00.000
2025-11-15 00:00:00.000,2025,"Nov",46,2546,2025-11-12 00:00:00.000
2025-11-16 00:00:00.000,2025,"Nov",46,2546,2025-11-12 00:00:00.000
2025-11-17 00:00:00.000,2025,"Nov",47,2547,2025-11-19 00:00:00.000
2025-11-18 00:00:00.000,2025,"Nov",47,2547,2025-11-19 00:00:00.000
2025-11-19 00:00:00.000,2025,"Nov",47,2547,2025-11-19 00:00:00.000
2025-11-20 00:00:00.000,2025,"Nov",47,2547,2025-11-19 00:00:00.000
2025-11-21 00:00:00.000,2025,"Nov",47,2547,2025-11-19 00:00:00.000
2025-11-22 00:00:00.000,2025,"Nov",47,2547,2025-11-19 00:00:00.000
2025-11-23 00:00:00.000,2025,"Nov",47,2547,2025-11-19 00:00:00.000
2025-11-24 00:00:00.000,2025,"Nov",48,2548,2025-11-26 00:00:00.000
2025-11-25 00:00:00.000,2025,"Nov",48,2548,2025-11-26 00:00:00.000
2025-11-26 00:00:00.000,2025,"Nov",48,2548,2025-11-26 00:00:00.000
2025-11-27 00:00:00.000,2025,"Nov",48,2548,2025-11-26 00:00:00.000
2025-11-28 00:00:00.000,2025,"Nov",48,2548,2025-11-26 00:00:00.000
2025-11-29 00:00:00.000,2025,"Nov",48,2548,2025-11-26 00:00:00.000
2025-11-30 00:00:00.000,2025,"Nov",48,2548,2025-11-26 00:00:00.000
2025-12-01 00:00:00.000,2025,"Dec",49,2549,2025-12-03 00:00:00.000
2025-12-02 00:00:00.000,2025,"Dec",49,2549,2025-12-03 00:00:00.000
2025-12-03 00:00:00.000,2025,"Dec",49,2549,2025-12-03 00:00:00.000
2025-12-04 00:00:00.000,2025,"Dec",49,2549,2025-12-03 00:00:00.000
2025-12-05 00:00:00.000,2025,"Dec",49,2549,2025-12-03 00:00:00.000
2025-12-06 00:00:00.000,2025,"Dec",49,2549,2025-12-03 00:00:00.000
2025-12-07 00:00:00.000,2025,"Dec",49,2549,2025-12-03 00:00:00.000
2025-12-08 00:00:00.000,2025,"Dec",50,2550,2025-12-10 00:00:00.000
2025-12-09 00:00:00.000,2025,"Dec",50,2550,2025-12-10 00:00:00.000
2025-12-10 00:00:00.000,2025,"Dec",50,2550,2025-12-10 00:00:00.000
2025-12-11 00:00:00.000,2025,"Dec",50,2550,2025-12-10 00:00:00.000
2025-12-12 00:00:00.000,2025,"Dec",50,2550,2025-12-10 00:00:00.000
2025-12-13 00:00:00.000,2025,"Dec",50,2550,2025-12-10 00:00:00.000
2025-12-14 00:00:00.000,2025,"Dec",50,2550,2025-12-10 00:00:00.000
2025-12-15 00:00:00.000,2025,"Dec",51,2551,2025-12-17 00:00:00.000
2025-12-16 00:00:00.000,2025,"Dec",51,2551,2025-12-17 00:00:00.000
2025-12-17 00:00:00.000,2025,"Dec",51,2551,2025-12-17 00:00:00.000
2025-12-18 00:00:00.000,2025,"Dec",51,2551,2025-12-17 00:00:00.000
2025-12-19 00:00:00.000,2025,"Dec",51,2551,2025-12-17 00:00:00.000
2025-12-20 00:00:00.000,2025,"Dec",51,2551,2025-12-17 00:00:00.000
2025-12-21 00:00:00.000,2025,"Dec",51,2551,2025-12-17 00:00:00.000
2025-12-22 00:00:00.000,2025,"Dec",52,2552,2025-12-24 00:00:00.000
2025-12-23 00:00:00.000,2025,"Dec",52,2552,2025-12-24 00:00:00.000
2025-12-24 00:00:00.000,2025,"Dec",52,2552,2025-12-24 00:00:00.000
2025-12-25 00:00:00.000,2025,"Dec",52,2552,2025-12-24 00:00:00.000
2025-12-26 00:00:00.000,2025,"Dec",52,2552,2025-12-24 00:00:00.000
2025-12-27 00:00:00.000,2025,"Dec",52,2552,2025-12-24 00:00:00.000
2025-12-28 00:00:00.000,2025,"Dec",52,2552,2025-12-24 00:00:00.000
2025-12-29 00:00:00.000,2025,"Dec",53,2553,2025-12-31 00:00:00.000
2025-12-30 00:00:00.000,2025,"Dec",53,2553,2025-12-31 00:00:00.000
2025-12-31 00:00:00.000,2025,"Dec",53,2553,2025-12-31 00:00:00.000
